lattice_type,representation,L,T,observable,mean,jackknife_se,n_samples
square,vertex,3072,2.22,energy,-14312244.54,613.4428891,200
square,vertex,3072,2.2205,energy,-14304724.22,569.1586768,200
square,vertex,3072,2.221,energy,-14297217.76,637.8121301,200
square,vertex,3072,2.2215,energy,-14290083.82,645.9403618,200
square,vertex,3072,2.222,energy,-14281941.96,653.864567,200
square,vertex,3072,2.2225,energy,-14273683.78,643.4275006,200
square,vertex,3072,2.223,energy,-14266745,637.7096403,200
square,vertex,3072,2.2235,energy,-14259648.64,622.4999793,200
square,vertex,3072,2.224,energy,-14252198.22,659.6691686,200
square,vertex,3072,2.2245,energy,-14244370.36,577.5458842,200
square,vertex,3072,2.225,energy,-14235824.44,580.72992,200
square,vertex,3072,2.2255,energy,-14229833.5,597.2498839,200
square,vertex,3072,2.226,energy,-14222416.98,639.9654014,200
square,vertex,3072,2.2265,energy,-14213732.58,657.3024198,200
square,vertex,3072,2.227,energy,-14204917.6,612.4541731,200
square,vertex,3072,2.2275,energy,-14196905.88,598.1167274,200
square,vertex,3072,2.228,energy,-14190026.3,635.9241296,200
square,vertex,3072,2.2285,energy,-14181547.48,591.1088269,200
square,vertex,3072,2.229,energy,-14173608.4,605.2769715,200
square,vertex,3072,2.2295,energy,-14166130.44,616.0931188,200
square,vertex,3072,2.23,energy,-14157584.94,620.0130101,200
square,vertex,3072,2.2305,energy,-14149390.26,666.7754127,200
square,vertex,3072,2.231,energy,-14141075.64,607.9584647,200
square,vertex,3072,2.2315,energy,-14133631.4,610.0171628,200
square,vertex,3072,2.232,energy,-14126197.36,633.3357613,200
square,vertex,3072,2.2325,energy,-14117511.24,588.3148457,200
square,vertex,3072,2.233,energy,-14109629.82,637.770003,200
square,vertex,3072,2.2335,energy,-14100412.42,643.164209,200
square,vertex,3072,2.234,energy,-14092864.32,598.3036512,200
square,vertex,3072,2.2345,energy,-14084267.38,624.1692427,200
square,vertex,3072,2.235,energy,-14075602.6,642.5217034,200
square,vertex,3072,2.2355,energy,-14068117.02,618.5882952,200
square,vertex,3072,2.236,energy,-14058214.24,646.7632504,200
square,vertex,3072,2.2365,energy,-14050400.92,687.4474442,200
square,vertex,3072,2.237,energy,-14041733.78,665.523503,200
square,vertex,3072,2.2375,energy,-14033536.56,654.4675384,200
square,vertex,3072,2.238,energy,-14026226.08,629.2594361,200
square,vertex,3072,2.2385,energy,-14017653.38,634.0581896,200
square,vertex,3072,2.239,energy,-14008014.96,651.2946274,200
square,vertex,3072,2.2395,energy,-13998747,634.0092206,200
square,vertex,3072,2.24,energy,-13991101.48,730.3607371,200
square,vertex,3072,2.2405,energy,-13983031.2,726.2139281,200
square,vertex,3072,2.241,energy,-13972236.04,655.0588892,200
square,vertex,3072,2.2415,energy,-13964589.78,692.5733493,200
square,vertex,3072,2.242,energy,-13955313.24,669.0658997,200
square,vertex,3072,2.2425,energy,-13947059.56,607.8423644,200
square,vertex,3072,2.243,energy,-13937080.02,644.0863605,200
square,vertex,3072,2.2435,energy,-13928696.24,616.5817253,200
square,vertex,3072,2.244,energy,-13920231.66,736.8719408,200
square,vertex,3072,2.2445,energy,-13910645.9,681.5426698,200
square,vertex,3072,2.245,energy,-13900654.88,731.7592416,200
square,vertex,3072,2.2455,energy,-13891753.1,654.6740398,200
square,vertex,3072,2.246,energy,-13882468.26,636.9020568,200
square,vertex,3072,2.2465,energy,-13871893.42,673.3904799,200
square,vertex,3072,2.247,energy,-13865546.5,657.0761301,200
square,vertex,3072,2.2475,energy,-13855206.8,728.0582715,200
square,vertex,3072,2.248,energy,-13844630.44,644.5456827,200
square,vertex,3072,2.2485,energy,-13834747.2,699.4956995,200
square,vertex,3072,2.249,energy,-13826222.14,739.7293341,200
square,vertex,3072,2.2495,energy,-13815710.22,644.632725,200
square,vertex,3072,2.25,energy,-13807319.24,736.1562639,200
square,vertex,3072,2.2505,energy,-13798195.74,709.5563866,200
square,vertex,3072,2.251,energy,-13788662.16,787.2261741,200
square,vertex,3072,2.2515,energy,-13776371.9,721.7159109,200
square,vertex,3072,2.252,energy,-13767876.62,760.9612927,200
square,vertex,3072,2.2525,energy,-13758090.84,691.447058,200
square,vertex,3072,2.253,energy,-13748660.52,710.4922364,200
square,vertex,3072,2.2535,energy,-13738284.86,718.8560862,200
square,vertex,3072,2.254,energy,-13727625.32,737.5918296,200
square,vertex,3072,2.2545,energy,-13717526.42,727.2409472,200
square,vertex,3072,2.255,energy,-13707746.64,784.3485203,200
square,vertex,3072,2.2555,energy,-13697063.16,694.9792131,200
square,vertex,3072,2.256,energy,-13685543.1,759.1934765,200
square,vertex,3072,2.2565,energy,-13675823.54,687.3859988,200
square,vertex,3072,2.257,energy,-13665976.98,702.686409,200
square,vertex,3072,2.2575,energy,-13655906.04,737.4993952,200
square,vertex,3072,2.258,energy,-13643179.74,707.2427947,200
square,vertex,3072,2.2585,energy,-13631052.62,750.9765971,200
square,vertex,3072,2.259,energy,-13622246.34,783.511162,200
square,vertex,3072,2.2595,energy,-13609457.04,781.4644247,200
square,vertex,3072,2.26,energy,-13599479.7,795.4662992,200
square,vertex,3072,2.2605,energy,-13587548.9,742.0393127,200
square,vertex,3072,2.261,energy,-13574671.6,738.8022,200
square,vertex,3072,2.2615,energy,-13563920.18,794.4485536,200
square,vertex,3072,2.262,energy,-13550950.44,779.166578,200
square,vertex,3072,2.2625,energy,-13539609.26,741.97688,200
square,vertex,3072,2.263,energy,-13527718.86,794.4887087,200
square,vertex,3072,2.2635,energy,-13515781.28,868.6163246,200
square,vertex,3072,2.264,energy,-13503459.6,805.3126154,200
square,vertex,3072,2.2645,energy,-13490274.9,779.881448,200
square,vertex,3072,2.265,energy,-13476316.32,803.3934978,200
square,vertex,3072,2.2655,energy,-13463648.42,812.5844249,200
square,vertex,3072,2.266,energy,-13448401.96,881.8932845,200
square,vertex,3072,2.2665,energy,-13434515.44,910.7152641,200
square,vertex,3072,2.267,energy,-13421467.44,906.0921972,200
square,vertex,3072,2.2675,energy,-13405856.58,936.7296071,200
square,vertex,3072,2.268,energy,-13388720.72,881.9547799,200
square,vertex,3072,2.2685,energy,-13372518.9,961.1525999,200
square,vertex,3072,2.269,energy,-13354610.24,1030.146295,200
square,vertex,3072,2.2695,energy,-13334202.52,1120.095071,200
square,vertex,3072,2.27,energy,-13317976.94,1032.499228,200
square,vertex,3072,2.2705,energy,-13298879.86,809.7358653,200
square,vertex,3072,2.271,energy,-13283498.62,873.0198207,200
square,vertex,3072,2.2715,energy,-13266051.84,793.8512058,200
square,vertex,3072,2.272,energy,-13254082.4,830.6451565,200
square,vertex,3072,2.2725,energy,-13240432.9,866.7097784,200
square,vertex,3072,2.273,energy,-13224093.88,932.8247982,200
square,vertex,3072,2.2735,energy,-13213543.42,875.4277442,200
square,vertex,3072,2.274,energy,-13201693.38,808.364012,200
square,vertex,3072,2.2745,energy,-13188120.32,807.2877872,200
square,vertex,3072,2.275,energy,-13174338.76,772.7333437,200
square,vertex,3072,2.2755,energy,-13161699.3,723.2254478,200
square,vertex,3072,2.276,energy,-13151285.32,838.7278173,200
square,vertex,3072,2.2765,energy,-13133893,790.7801813,200
square,vertex,3072,2.277,energy,-13128185.26,709.9403871,200
square,vertex,3072,2.2775,energy,-13114210.52,752.9130896,200
square,vertex,3072,2.278,energy,-13103879.68,805.5660507,200
square,vertex,3072,2.2785,energy,-13090250.96,846.2118381,200
square,vertex,3072,2.279,energy,-13079068.82,793.2371751,200
square,vertex,3072,2.2795,energy,-13068891.24,694.6052729,200
square,vertex,3072,2.28,energy,-13058514.18,815.4059355,200
square,vertex,3072,2.2805,energy,-13048184.24,730.925225,200
square,vertex,3072,2.281,energy,-13035556.52,775.8091779,200
square,vertex,3072,2.2815,energy,-13027448.34,727.2835283,200
square,vertex,3072,2.282,energy,-13013708.46,708.8443066,200
square,vertex,3072,2.2825,energy,-13003225.28,793.6797171,200
square,vertex,3072,2.283,energy,-12991057.42,694.0261614,200
square,vertex,3072,2.2835,energy,-12987182.62,683.2125748,200
square,vertex,3072,2.284,energy,-12970958.6,758.2193664,200
square,vertex,3072,2.2845,energy,-12964019.06,786.9355712,200
square,vertex,3072,2.285,energy,-12950473.98,753.5315842,200
square,vertex,3072,2.2855,energy,-12937733.04,785.2863896,200
square,vertex,3072,2.286,energy,-12932636.56,690.6000718,200
square,vertex,3072,2.2865,energy,-12919923.06,716.5796665,200
square,vertex,3072,2.287,energy,-12910497.08,724.3312026,200
square,vertex,3072,2.2875,energy,-12902674.1,730.6332656,200
square,vertex,3072,2.288,energy,-12890845.92,674.965337,200
square,vertex,3072,2.2885,energy,-12883590.08,708.3439785,200
square,vertex,3072,2.289,energy,-12873775.38,715.842096,200
square,vertex,3072,2.2895,energy,-12860271.24,693.232046,200
square,vertex,3072,2.29,energy,-12853602.96,728.1371301,200
square,vertex,3072,2.2905,energy,-12844450.4,659.6964857,200
square,vertex,3072,2.291,energy,-12836661.08,645.0601248,200
square,vertex,3072,2.2915,energy,-12825808.46,704.980667,200
square,vertex,3072,2.292,energy,-12814742.56,714.600997,200
square,vertex,3072,2.2925,energy,-12804030.2,767.1630017,200
square,vertex,3072,2.293,energy,-12796283.04,641.3837492,200
square,vertex,3072,2.2935,energy,-12787206.18,650.3662862,200
square,vertex,3072,2.294,energy,-12777968.44,683.543465,200
square,vertex,3072,2.2945,energy,-12769724.04,653.8929361,200
square,vertex,3072,2.295,energy,-12757758.3,660.3638299,200
square,vertex,3072,2.2955,energy,-12751167.86,677.2791296,200
square,vertex,3072,2.296,energy,-12743503.64,691.1750572,200
square,vertex,3072,2.2965,energy,-12732930.34,595.3760312,200
square,vertex,3072,2.297,energy,-12727498.98,629.4070567,200
square,vertex,3072,2.2975,energy,-12717437.5,671.9232143,200
square,vertex,3072,2.298,energy,-12709247.82,711.5284138,200
square,vertex,3072,2.2985,energy,-12695677.72,670.2870166,200
square,vertex,3072,2.299,energy,-12689453.62,597.86388,200
square,vertex,3072,2.2995,energy,-12680984.5,663.4385826,200
square,vertex,3072,2.3,energy,-12673189.94,697.2098789,200
square,vertex,3072,2.3005,energy,-12662212.42,663.3176329,200
square,vertex,3072,2.301,energy,-12655646.38,709.1384908,200
square,vertex,3072,2.3015,energy,-12647350.64,695.1035181,200
square,vertex,3072,2.302,energy,-12639987.28,637.7816212,200
square,vertex,3072,2.3025,energy,-12631409.24,683.0748343,200
square,vertex,3072,2.303,energy,-12624727.68,627.9004103,200
square,vertex,3072,2.3035,energy,-12614089.96,690.3087737,200
square,vertex,3072,2.304,energy,-12605493.44,642.8468574,200
square,vertex,3072,2.3045,energy,-12595600.4,693.1321589,200
square,vertex,3072,2.305,energy,-12586678.56,724.8962886,200
square,vertex,3072,2.3055,energy,-12579758.7,696.9214768,200
square,vertex,3072,2.306,energy,-12571394.2,657.0383948,200
square,vertex,3072,2.3065,energy,-12564956,625.3413113,200
square,vertex,3072,2.307,energy,-12559308.5,627.0434362,200
square,vertex,3072,2.3075,energy,-12545962.52,636.2080361,200
square,vertex,3072,2.308,energy,-12540616.1,659.5521218,200
square,vertex,3072,2.3085,energy,-12533019.34,570.761409,200
square,vertex,3072,2.309,energy,-12523052.54,704.2825619,200
square,vertex,3072,2.3095,energy,-12513387.92,663.4045801,200
square,vertex,3072,2.31,energy,-12507892.22,678.529335,200
square,vertex,3072,2.3105,energy,-12502595.14,698.3162307,200
square,vertex,3072,2.311,energy,-12493646.48,691.1855355,200
square,vertex,3072,2.3115,energy,-12484927.06,621.8221969,200
square,vertex,3072,2.312,energy,-12476694.72,639.3448964,200
square,vertex,3072,2.3125,energy,-12468981.9,631.3606861,200
square,vertex,3072,2.313,energy,-12459569.62,626.8940703,200
square,vertex,3072,2.3135,energy,-12451743.98,631.7414683,200
square,vertex,3072,2.314,energy,-12444726.9,734.9173903,200
square,vertex,3072,2.3145,energy,-12436684.26,604.0854917,200
square,vertex,3072,2.315,energy,-12427725.82,679.3254341,200
square,vertex,3072,2.3155,energy,-12423365.06,713.6198881,200
square,vertex,3072,2.316,energy,-12415458.06,641.2440246,200
square,vertex,3072,2.3165,energy,-12406881.12,544.2988391,200
square,vertex,3072,2.317,energy,-12399509.42,589.3523695,200
square,vertex,3072,2.3175,energy,-12390213.94,625.8564698,200
square,vertex,3072,2.318,energy,-12385045.64,624.7091166,200
square,vertex,3072,2.3185,energy,-12376317.84,636.9577232,200
square,vertex,3072,2.319,energy,-12370509.46,684.1154948,200
square,vertex,3072,2.3195,energy,-12361736.36,623.700327,200
square,vertex,3072,2.32,energy,-12353687.62,697.7942376,200
