lattice_type,variant,L,bootstrap,Tc
triangular,ec,64,0,3.698532431
triangular,ec,64,1,3.701152284
triangular,ec,64,2,3.698592386
triangular,ec,64,3,3.699461954
triangular,ec,64,4,3.6997619
triangular,ec,64,5,3.699981891
triangular,ec,64,6,3.700541987
triangular,ec,64,7,3.700912143
triangular,ec,64,8,3.699222033
triangular,ec,64,9,3.700331931
triangular,ec,64,10,3.699741902
triangular,ec,64,11,3.699142066
triangular,ec,64,12,3.700301925
triangular,ec,64,13,3.69968191
triangular,ec,64,14,3.698262657
triangular,ec,64,15,3.700722054
triangular,ec,64,16,3.701472521
triangular,ec,64,17,3.698692316
triangular,ec,64,18,3.699541935
triangular,ec,64,19,3.698752276
triangular,ec,64,20,3.700722054
triangular,ec,64,21,3.700031893
triangular,ec,64,22,3.699102084
triangular,ec,64,23,3.699102084
triangular,ec,64,24,3.700261918
triangular,ec,64,25,3.698982142
triangular,ec,64,26,3.701382449
triangular,ec,64,27,3.702133183
triangular,ec,64,28,3.69837256
triangular,ec,64,29,3.699032117
triangular,ec,64,30,3.702103148
triangular,ec,64,31,3.700642022
triangular,ec,64,32,3.699182049
triangular,ec,64,33,3.701722744
triangular,ec,64,34,3.700471966
triangular,ec,64,35,3.698822232
triangular,ec,64,36,3.700842108
triangular,ec,64,37,3.698272648
triangular,ec,64,38,3.699541935
triangular,ec,64,39,3.699331993
triangular,ec,64,40,3.701222331
triangular,ec,64,41,3.69867233
triangular,ec,64,42,3.698212703
triangular,ec,64,43,3.700561994
triangular,ec,64,44,3.698402535
triangular,ec,64,45,3.697473544
triangular,ec,64,46,3.700832103
triangular,ec,64,47,3.700511978
triangular,ec,64,48,3.700431955
triangular,ec,64,49,3.700101898
triangular,ec,64,50,3.699252021
triangular,ec,64,51,3.700511978
triangular,ec,64,52,3.699531937
triangular,ec,64,53,3.699851893
triangular,ec,64,54,3.700031893
triangular,ec,64,55,3.701792813
triangular,ec,64,56,3.698622365
triangular,ec,64,57,3.699581927
triangular,ec,64,58,3.699901892
triangular,ec,64,59,3.699002132
triangular,ec,64,60,3.699601923
triangular,ec,64,61,3.701312396
triangular,ec,64,62,3.701272366
triangular,ec,64,63,3.699551933
triangular,ec,64,64,3.698572401
triangular,ec,64,65,3.699491947
triangular,ec,64,66,3.699571929
triangular,ec,64,67,3.6997619
triangular,ec,64,68,3.700652026
triangular,ec,64,69,3.698412527
triangular,ec,64,70,3.698532431
triangular,ec,64,71,3.699661913
triangular,ec,64,72,3.701102252
triangular,ec,64,73,3.700481969
triangular,ec,64,74,3.70055199
triangular,ec,64,75,3.700171905
triangular,ec,64,76,3.700722054
triangular,ec,64,77,3.69884222
triangular,ec,64,78,3.699511942
triangular,ec,64,79,3.700011892
triangular,ec,64,80,3.700992187
triangular,ec,64,81,3.699471952
triangular,ec,64,82,3.699312
triangular,ec,64,83,3.699192045
triangular,ec,64,84,3.697643325
triangular,ec,64,85,3.697833098
triangular,ec,64,86,3.700081896
triangular,ec,64,87,3.699411968
triangular,ec,64,88,3.700031893
triangular,ec,64,89,3.70078208
triangular,ec,64,90,3.699611921
triangular,ec,64,91,3.699661913
triangular,ec,64,92,3.701952979
triangular,ec,64,93,3.698862209
triangular,ec,64,94,3.699901892
triangular,ec,64,95,3.69848247
triangular,ec,64,96,3.699431963
triangular,ec,64,97,3.699541935
triangular,ec,64,98,3.699921891
triangular,ec,64,99,3.699711906
triangular,ec,64,100,3.699272014
triangular,ec,64,101,3.700401947
triangular,ec,64,102,3.700011892
triangular,ec,64,103,3.698682323
triangular,ec,64,104,3.700041894
triangular,ec,64,105,3.700191907
triangular,ec,64,106,3.699831895
triangular,ec,64,107,3.700471966
triangular,ec,64,108,3.697853076
triangular,ec,64,109,3.699951891
triangular,ec,64,110,3.700311927
triangular,ec,64,111,3.699651914
triangular,ec,64,112,3.698712303
triangular,ec,64,113,3.69891218
triangular,ec,64,114,3.700401947
triangular,ec,64,115,3.699212037
triangular,ec,64,116,3.699401971
triangular,ec,64,117,3.699721905
triangular,ec,64,118,3.700231913
triangular,ec,64,119,3.700341933
triangular,ec,64,120,3.699351986
triangular,ec,64,121,3.700261918
triangular,ec,64,122,3.699461954
triangular,ec,64,123,3.700121899
triangular,ec,64,124,3.701862884
triangular,ec,64,125,3.699931891
triangular,ec,64,126,3.700041894
triangular,ec,64,127,3.699621919
triangular,ec,64,128,3.699621919
triangular,ec,64,129,3.699331993
triangular,ec,64,130,3.699022122
triangular,ec,64,131,3.700301925
triangular,ec,64,132,3.699252021
triangular,ec,64,133,3.700081896
triangular,ec,64,134,3.699162057
triangular,ec,64,135,3.69876227
triangular,ec,64,136,3.699611921
triangular,ec,64,137,3.700351936
triangular,ec,64,138,3.698802245
triangular,ec,64,139,3.69814277
triangular,ec,64,140,3.700992187
triangular,ec,64,141,3.700491972
triangular,ec,64,142,3.699601923
triangular,ec,64,143,3.699931891
triangular,ec,64,144,3.698262657
triangular,ec,64,145,3.701072234
triangular,ec,64,146,3.698352578
triangular,ec,64,147,3.698892191
triangular,ec,64,148,3.699591925
triangular,ec,64,149,3.69952194
triangular,ec,64,150,3.699701907
triangular,ec,64,151,3.698782257
triangular,ec,64,152,3.698272648
triangular,ec,64,153,3.700992187
triangular,ec,64,154,3.698732289
triangular,ec,64,155,3.701192311
triangular,ec,64,156,3.700251916
triangular,ec,64,157,3.700822099
triangular,ec,64,158,3.700692042
triangular,ec,64,159,3.700461963
triangular,ec,64,160,3.697683276
triangular,ec,64,161,3.699641916
triangular,ec,64,162,3.699272014
triangular,ec,64,163,3.701702725
triangular,ec,64,164,3.698032881
triangular,ec,64,165,3.701822843
triangular,ec,64,166,3.700892133
triangular,ec,64,167,3.700051894
triangular,ec,64,168,3.698542424
triangular,ec,64,169,3.699292007
triangular,ec,64,170,3.699491947
triangular,ec,64,171,3.699082093
triangular,ec,64,172,3.699162057
triangular,ec,64,173,3.699941891
triangular,ec,64,174,3.699052107
triangular,ec,64,175,3.698882197
triangular,ec,64,176,3.699811896
triangular,ec,64,177,3.699312
triangular,ec,64,178,3.698612372
triangular,ec,64,179,3.698872203
triangular,ec,64,180,3.699082093
triangular,ec,64,181,3.701662687
triangular,ec,64,182,3.698992137
triangular,ec,64,183,3.698752276
triangular,ec,64,184,3.700321929
triangular,ec,64,185,3.699252021
triangular,ec,64,186,3.698552416
triangular,ec,64,187,3.699861893
triangular,ec,64,188,3.698572401
triangular,ec,64,189,3.700812094
triangular,ec,64,190,3.699661913
triangular,ec,64,191,3.700902138
triangular,ec,64,192,3.699811896
triangular,ec,64,193,3.700021893
triangular,ec,64,194,3.698302621
triangular,ec,64,195,3.700321929
triangular,ec,64,196,3.699951891
triangular,ec,64,197,3.699272014
triangular,ec,64,198,3.70055199
triangular,ec,64,199,3.69968191
triangular,ec,96,0,3.677467512
triangular,ec,96,1,3.678567834
triangular,ec,96,2,3.679208325
triangular,ec,96,3,3.677767534
triangular,ec,96,4,3.677957574
triangular,ec,96,5,3.679398513
triangular,ec,96,6,3.677207532
triangular,ec,96,7,3.679458577
triangular,ec,96,8,3.678157637
triangular,ec,96,9,3.680319705
triangular,ec,96,10,3.678547822
triangular,ec,96,11,3.678257677
triangular,ec,96,12,3.677937569
triangular,ec,96,13,3.677297521
triangular,ec,96,14,3.677967577
triangular,ec,96,15,3.677617517
triangular,ec,96,16,3.678637877
triangular,ec,96,17,3.6780476
triangular,ec,96,18,3.679498621
triangular,ec,96,19,3.678777971
triangular,ec,96,20,3.677707526
triangular,ec,96,21,3.678627871
triangular,ec,96,22,3.678177645
triangular,ec,96,23,3.678968115
triangular,ec,96,24,3.677397514
triangular,ec,96,25,3.677927567
triangular,ec,96,26,3.677267524
triangular,ec,96,27,3.67646779
triangular,ec,96,28,3.678057603
triangular,ec,96,29,3.679048181
triangular,ec,96,30,3.677627518
triangular,ec,96,31,3.678077609
triangular,ec,96,32,3.678057603
triangular,ec,96,33,3.677487512
triangular,ec,96,34,3.67721753
triangular,ec,96,35,3.67730752
triangular,ec,96,36,3.677367515
triangular,ec,96,37,3.678928083
triangular,ec,96,38,3.679999238
triangular,ec,96,39,3.678307699
triangular,ec,96,40,3.677197533
triangular,ec,96,41,3.678567834
triangular,ec,96,42,3.676887607
triangular,ec,96,43,3.677837547
triangular,ec,96,44,3.678537817
triangular,ec,96,45,3.677607516
triangular,ec,96,46,3.678027594
triangular,ec,96,47,3.678127626
triangular,ec,96,48,3.678998139
triangular,ec,96,49,3.679188306
triangular,ec,96,50,3.679288402
triangular,ec,96,51,3.679288402
triangular,ec,96,52,3.678427757
triangular,ec,96,53,3.678437762
triangular,ec,96,54,3.677837547
triangular,ec,96,55,3.676967583
triangular,ec,96,56,3.678727936
triangular,ec,96,57,3.678667896
triangular,ec,96,58,3.677927567
triangular,ec,96,59,3.676797638
triangular,ec,96,60,3.679899104
triangular,ec,96,61,3.678467778
triangular,ec,96,62,3.678427757
triangular,ec,96,63,3.678307699
triangular,ec,96,64,3.677627518
triangular,ec,96,65,3.678247673
triangular,ec,96,66,3.677807541
triangular,ec,96,67,3.676557742
triangular,ec,96,68,3.678737943
triangular,ec,96,69,3.678167641
triangular,ec,96,70,3.678677903
triangular,ec,96,71,3.678407746
triangular,ec,96,72,3.678387736
triangular,ec,96,73,3.678807992
triangular,ec,96,74,3.679728888
triangular,ec,96,75,3.678988131
triangular,ec,96,76,3.678427757
triangular,ec,96,77,3.679038173
triangular,ec,96,78,3.678177645
triangular,ec,96,79,3.676657695
triangular,ec,96,80,3.678988131
triangular,ec,96,81,3.67813763
triangular,ec,96,82,3.678757957
triangular,ec,96,83,3.676687682
triangular,ec,96,84,3.678527811
triangular,ec,96,85,3.679258373
triangular,ec,96,86,3.678617865
triangular,ec,96,87,3.67828769
triangular,ec,96,88,3.678157637
triangular,ec,96,89,3.679158278
triangular,ec,96,90,3.678267681
triangular,ec,96,91,3.677867553
triangular,ec,96,92,3.677827545
triangular,ec,96,93,3.678167641
triangular,ec,96,94,3.677297521
triangular,ec,96,95,3.679498621
triangular,ec,96,96,3.679969197
triangular,ec,96,97,3.678297694
triangular,ec,96,98,3.678477783
triangular,ec,96,99,3.678938091
triangular,ec,96,100,3.678307699
triangular,ec,96,101,3.67963878
triangular,ec,96,102,3.676547748
triangular,ec,96,103,3.678547822
triangular,ec,96,104,3.67874795
triangular,ec,96,105,3.677897559
triangular,ec,96,106,3.679158278
triangular,ec,96,107,3.678467778
triangular,ec,96,108,3.678757957
triangular,ec,96,109,3.677297521
triangular,ec,96,110,3.679458577
triangular,ec,96,111,3.679028164
triangular,ec,96,112,3.677927567
triangular,ec,96,113,3.678237668
triangular,ec,96,114,3.678127626
triangular,ec,96,115,3.678417751
triangular,ec,96,116,3.678307699
triangular,ec,96,117,3.678737943
triangular,ec,96,118,3.679788962
triangular,ec,96,119,3.679678827
triangular,ec,96,120,3.678067606
triangular,ec,96,121,3.678908067
triangular,ec,96,122,3.678497794
triangular,ec,96,123,3.678627871
triangular,ec,96,124,3.677837547
triangular,ec,96,125,3.679418534
triangular,ec,96,126,3.678277685
triangular,ec,96,127,3.677717527
triangular,ec,96,128,3.6785078
triangular,ec,96,129,3.679038173
triangular,ec,96,130,3.678367727
triangular,ec,96,131,3.676337866
triangular,ec,96,132,3.678547822
triangular,ec,96,133,3.678547822
triangular,ec,96,134,3.677677523
triangular,ec,96,135,3.676917597
triangular,ec,96,136,3.678277685
triangular,ec,96,137,3.678187648
triangular,ec,96,138,3.679538665
triangular,ec,96,139,3.678237668
triangular,ec,96,140,3.678177645
triangular,ec,96,141,3.677457512
triangular,ec,96,142,3.6780476
triangular,ec,96,143,3.678597852
triangular,ec,96,144,3.678647883
triangular,ec,96,145,3.677967577
triangular,ec,96,146,3.678627871
triangular,ec,96,147,3.678757957
triangular,ec,96,148,3.678687909
triangular,ec,96,149,3.67821766
triangular,ec,96,150,3.679378493
triangular,ec,96,151,3.678197652
triangular,ec,96,152,3.677457512
triangular,ec,96,153,3.678417751
triangular,ec,96,154,3.677937569
triangular,ec,96,155,3.677467512
triangular,ec,96,156,3.677987582
triangular,ec,96,157,3.678237668
triangular,ec,96,158,3.677507512
triangular,ec,96,159,3.677767534
triangular,ec,96,160,3.676727665
triangular,ec,96,161,3.678267681
triangular,ec,96,162,3.678647883
triangular,ec,96,163,3.678337712
triangular,ec,96,164,3.677577514
triangular,ec,96,165,3.678908067
triangular,ec,96,166,3.679198315
triangular,ec,96,167,3.678938091
triangular,ec,96,168,3.678998139
triangular,ec,96,169,3.677967577
triangular,ec,96,170,3.677897559
triangular,ec,96,171,3.6780476
triangular,ec,96,172,3.678057603
triangular,ec,96,173,3.678477783
triangular,ec,96,174,3.678878044
triangular,ec,96,175,3.679188306
triangular,ec,96,176,3.678787978
triangular,ec,96,177,3.677797539
triangular,ec,96,178,3.678777971
triangular,ec,96,179,3.679338452
triangular,ec,96,180,3.678547822
triangular,ec,96,181,3.678647883
triangular,ec,96,182,3.677567514
triangular,ec,96,183,3.677477512
triangular,ec,96,184,3.679378493
triangular,ec,96,185,3.678627871
triangular,ec,96,186,3.677497512
triangular,ec,96,187,3.679208325
triangular,ec,96,188,3.678327708
triangular,ec,96,189,3.67764752
triangular,ec,96,190,3.678817999
triangular,ec,96,191,3.680029279
triangular,ec,96,192,3.678717929
triangular,ec,96,193,3.677727529
triangular,ec,96,194,3.679468588
triangular,ec,96,195,3.678447767
triangular,ec,96,196,3.678978123
triangular,ec,96,197,3.679068198
triangular,ec,96,198,3.6797389
triangular,ec,96,199,3.678297694
triangular,ec,128,0,3.668477668
triangular,ec,128,1,3.669128137
triangular,ec,128,2,3.668667781
triangular,ec,128,3,3.669468475
triangular,ec,128,4,3.669378379
triangular,ec,128,5,3.668727821
triangular,ec,128,6,3.669188192
triangular,ec,128,7,3.668927968
triangular,ec,128,8,3.668537702
triangular,ec,128,9,3.668857914
triangular,ec,128,10,3.66827757
triangular,ec,128,11,3.668767849
triangular,ec,128,12,3.668747835
triangular,ec,128,13,3.669888979
triangular,ec,128,14,3.668978009
triangular,ec,128,15,3.668227549
triangular,ec,128,16,3.669038059
triangular,ec,128,17,3.669058076
triangular,ec,128,18,3.668697801
triangular,ec,128,19,3.668867922
triangular,ec,128,20,3.668887937
triangular,ec,128,21,3.667947456
triangular,ec,128,22,3.669168174
triangular,ec,128,23,3.668327592
triangular,ec,128,24,3.667717411
triangular,ec,128,25,3.669378379
triangular,ec,128,26,3.668567719
triangular,ec,128,27,3.669068084
triangular,ec,128,28,3.668197537
triangular,ec,128,29,3.670139325
triangular,ec,128,30,3.668297579
triangular,ec,128,31,3.66922823
triangular,ec,128,32,3.667907446
triangular,ec,128,33,3.6693984
triangular,ec,128,34,3.669078093
triangular,ec,128,35,3.669268269
triangular,ec,128,36,3.66887793
triangular,ec,128,37,3.668777856
triangular,ec,128,38,3.668217545
triangular,ec,128,39,3.668497679
triangular,ec,128,40,3.669258259
triangular,ec,128,41,3.669348349
triangular,ec,128,42,3.669348349
triangular,ec,128,43,3.669068084
triangular,ec,128,44,3.669588609
triangular,ec,128,45,3.668247557
triangular,ec,128,46,3.668467663
triangular,ec,128,47,3.668917961
triangular,ec,128,48,3.669408411
triangular,ec,128,49,3.668587731
triangular,ec,128,50,3.668857914
triangular,ec,128,51,3.669118128
triangular,ec,128,52,3.667417397
triangular,ec,128,53,3.669218221
triangular,ec,128,54,3.669298298
triangular,ec,128,55,3.669088102
triangular,ec,128,56,3.669218221
triangular,ec,128,57,3.667717411
triangular,ec,128,58,3.668757842
triangular,ec,128,59,3.668547707
triangular,ec,128,60,3.66887793
triangular,ec,128,61,3.669838914
triangular,ec,128,62,3.66902805
triangular,ec,128,63,3.668717814
triangular,ec,128,64,3.668777856
triangular,ec,128,65,3.668487673
triangular,ec,128,66,3.668937976
triangular,ec,128,67,3.668317588
triangular,ec,128,68,3.668497679
triangular,ec,128,69,3.669038059
triangular,ec,128,70,3.669408411
triangular,ec,128,71,3.669448453
triangular,ec,128,72,3.668637762
triangular,ec,128,73,3.668637762
triangular,ec,128,74,3.668247557
triangular,ec,128,75,3.668717814
triangular,ec,128,76,3.670219443
triangular,ec,128,77,3.668988017
triangular,ec,128,78,3.66806749
triangular,ec,128,79,3.668737828
triangular,ec,128,80,3.668697801
triangular,ec,128,81,3.66827757
triangular,ec,128,82,3.66861775
triangular,ec,128,83,3.668327592
triangular,ec,128,84,3.668667781
triangular,ec,128,85,3.668847907
triangular,ec,128,86,3.667747416
triangular,ec,128,87,3.668387621
triangular,ec,128,88,3.669488497
triangular,ec,128,89,3.668887937
triangular,ec,128,90,3.669088102
triangular,ec,128,91,3.669488497
triangular,ec,128,92,3.67005921
triangular,ec,128,93,3.669668703
triangular,ec,128,94,3.668998025
triangular,ec,128,95,3.667957458
triangular,ec,128,96,3.669598621
triangular,ec,128,97,3.668297579
triangular,ec,128,98,3.669268269
triangular,ec,128,99,3.668247557
triangular,ec,128,100,3.669608632
triangular,ec,128,101,3.66951853
triangular,ec,128,102,3.669448453
triangular,ec,128,103,3.668637762
triangular,ec,128,104,3.669408411
triangular,ec,128,105,3.668947984
triangular,ec,128,106,3.668677788
triangular,ec,128,107,3.667847433
triangular,ec,128,108,3.669698739
triangular,ec,128,109,3.667407397
triangular,ec,128,110,3.669888979
triangular,ec,128,111,3.669478486
triangular,ec,128,112,3.669268269
triangular,ec,128,113,3.668737828
triangular,ec,128,114,3.667987466
triangular,ec,128,115,3.667767419
triangular,ec,128,116,3.669618644
triangular,ec,128,117,3.670469833
triangular,ec,128,118,3.668817885
triangular,ec,128,119,3.667187419
triangular,ec,128,120,3.669118128
triangular,ec,128,121,3.668837899
triangular,ec,128,122,3.668968
triangular,ec,128,123,3.668187533
triangular,ec,128,124,3.668957992
triangular,ec,128,125,3.669328328
triangular,ec,128,126,3.66902805
triangular,ec,128,127,3.668667781
triangular,ec,128,128,3.669138146
triangular,ec,128,129,3.668337597
triangular,ec,128,130,3.667987466
triangular,ec,128,131,3.66923824
triangular,ec,128,132,3.667827429
triangular,ec,128,133,3.66887793
triangular,ec,128,134,3.669208211
triangular,ec,128,135,3.668547707
triangular,ec,128,136,3.667947456
triangular,ec,128,137,3.668487673
triangular,ec,128,138,3.667577399
triangular,ec,128,139,3.669949059
triangular,ec,128,140,3.668547707
triangular,ec,128,141,3.668637762
triangular,ec,128,142,3.668387621
triangular,ec,128,143,3.669798863
triangular,ec,128,144,3.669088102
triangular,ec,128,145,3.669328328
triangular,ec,128,146,3.669168174
triangular,ec,128,147,3.667787422
triangular,ec,128,148,3.669088102
triangular,ec,128,149,3.669658691
triangular,ec,128,150,3.668817885
triangular,ec,128,151,3.668547707
triangular,ec,128,152,3.66806749
triangular,ec,128,153,3.66951853
triangular,ec,128,154,3.668447652
triangular,ec,128,155,3.668087497
triangular,ec,128,156,3.669738788
triangular,ec,128,157,3.668317588
triangular,ec,128,158,3.668467663
triangular,ec,128,159,3.66923824
triangular,ec,128,160,3.668227549
triangular,ec,128,161,3.668247557
triangular,ec,128,162,3.66770741
triangular,ec,128,163,3.668357607
triangular,ec,128,164,3.669758813
triangular,ec,128,165,3.668697801
triangular,ec,128,166,3.668427641
triangular,ec,128,167,3.668957992
triangular,ec,128,168,3.668417636
triangular,ec,128,169,3.66938839
triangular,ec,128,170,3.668887937
triangular,ec,128,171,3.668727821
triangular,ec,128,172,3.669338338
triangular,ec,128,173,3.66902805
triangular,ec,128,174,3.669458464
triangular,ec,128,175,3.668307583
triangular,ec,128,176,3.668677788
triangular,ec,128,177,3.669058076
triangular,ec,128,178,3.668607743
triangular,ec,128,179,3.66910812
triangular,ec,128,180,3.667247411
triangular,ec,128,181,3.668007472
triangular,ec,128,182,3.669088102
triangular,ec,128,183,3.668727821
triangular,ec,128,184,3.66806749
triangular,ec,128,185,3.66777742
triangular,ec,128,186,3.669508519
triangular,ec,128,187,3.669168174
triangular,ec,128,188,3.670299564
triangular,ec,128,189,3.669038059
triangular,ec,128,190,3.670109281
triangular,ec,128,191,3.669408411
triangular,ec,128,192,3.66922823
triangular,ec,128,193,3.667787422
triangular,ec,128,194,3.669018042
triangular,ec,128,195,3.668527696
triangular,ec,128,196,3.668157522
triangular,ec,128,197,3.668567719
triangular,ec,128,198,3.670339626
triangular,ec,128,199,3.668437647
triangular,ec,192,0,3.658992947
triangular,ec,192,1,3.659182854
triangular,ec,192,2,3.659992678
triangular,ec,192,3,3.659212841
triangular,ec,192,4,3.659822685
triangular,ec,192,5,3.659002942
triangular,ec,192,6,3.659552729
triangular,ec,192,7,3.659922679
triangular,ec,192,8,3.659242829
triangular,ec,192,9,3.659762691
triangular,ec,192,10,3.65947275
triangular,ec,192,11,3.659282813
triangular,ec,192,12,3.659442758
triangular,ec,192,13,3.659292809
triangular,ec,192,14,3.659632712
triangular,ec,192,15,3.659102891
triangular,ec,192,16,3.659332794
triangular,ec,192,17,3.659572724
triangular,ec,192,18,3.659542731
triangular,ec,192,19,3.659812686
triangular,ec,192,20,3.65937278
triangular,ec,192,21,3.660012678
triangular,ec,192,22,3.659462752
triangular,ec,192,23,3.659632712
triangular,ec,192,24,3.659432761
triangular,ec,192,25,3.659842683
triangular,ec,192,26,3.660002678
triangular,ec,192,27,3.659862682
triangular,ec,192,28,3.659712698
triangular,ec,192,29,3.659622714
triangular,ec,192,30,3.659352787
triangular,ec,192,31,3.659922679
triangular,ec,192,32,3.66008268
triangular,ec,192,33,3.6597027
triangular,ec,192,34,3.660822869
triangular,ec,192,35,3.659612716
triangular,ec,192,36,3.66050275
triangular,ec,192,37,3.660022678
triangular,ec,192,38,3.659602718
triangular,ec,192,39,3.660222693
triangular,ec,192,40,3.659132877
triangular,ec,192,41,3.659452755
triangular,ec,192,42,3.658763087
triangular,ec,192,43,3.65964271
triangular,ec,192,44,3.659552729
triangular,ec,192,45,3.659152867
triangular,ec,192,46,3.659022931
triangular,ec,192,47,3.659572724
triangular,ec,192,48,3.660102681
triangular,ec,192,49,3.658733107
triangular,ec,192,50,3.660092681
triangular,ec,192,51,3.659362784
triangular,ec,192,52,3.659862682
triangular,ec,192,53,3.660022678
triangular,ec,192,54,3.659002942
triangular,ec,192,55,3.659962678
triangular,ec,192,56,3.659092896
triangular,ec,192,57,3.659322798
triangular,ec,192,58,3.659232833
triangular,ec,192,59,3.659682703
triangular,ec,192,60,3.659142872
triangular,ec,192,61,3.660042678
triangular,ec,192,62,3.660092681
triangular,ec,192,63,3.659342791
triangular,ec,192,64,3.65919285
triangular,ec,192,65,3.659782689
triangular,ec,192,66,3.660062679
triangular,ec,192,67,3.659452755
triangular,ec,192,68,3.659282813
triangular,ec,192,69,3.658793067
triangular,ec,192,70,3.658992947
triangular,ec,192,71,3.659942678
triangular,ec,192,72,3.659082901
triangular,ec,192,73,3.659732695
triangular,ec,192,74,3.660172687
triangular,ec,192,75,3.659382777
triangular,ec,192,76,3.659722697
triangular,ec,192,77,3.658823047
triangular,ec,192,78,3.659212841
triangular,ec,192,79,3.659582722
triangular,ec,192,80,3.659502741
triangular,ec,192,81,3.658703128
triangular,ec,192,82,3.6587431
triangular,ec,192,83,3.660022678
triangular,ec,192,84,3.659632712
triangular,ec,192,85,3.658952969
triangular,ec,192,86,3.65964271
triangular,ec,192,87,3.660232694
triangular,ec,192,88,3.660652799
triangular,ec,192,89,3.659012936
triangular,ec,192,90,3.658823047
triangular,ec,192,91,3.658823047
triangular,ec,192,92,3.659252825
triangular,ec,192,93,3.660512753
triangular,ec,192,94,3.660632792
triangular,ec,192,95,3.659182854
triangular,ec,192,96,3.659522736
triangular,ec,192,97,3.658972958
triangular,ec,192,98,3.659712698
triangular,ec,192,99,3.659652708
triangular,ec,192,100,3.65947275
triangular,ec,192,101,3.66007268
triangular,ec,192,102,3.660412727
triangular,ec,192,103,3.659032926
triangular,ec,192,104,3.659802687
triangular,ec,192,105,3.660112682
triangular,ec,192,106,3.658942975
triangular,ec,192,107,3.660062679
triangular,ec,192,108,3.659602718
triangular,ec,192,109,3.659812686
triangular,ec,192,110,3.659632712
triangular,ec,192,111,3.65988268
triangular,ec,192,112,3.659152867
triangular,ec,192,113,3.659762691
triangular,ec,192,114,3.659422764
triangular,ec,192,115,3.659032926
triangular,ec,192,116,3.659582722
triangular,ec,192,117,3.660452737
triangular,ec,192,118,3.65977269
triangular,ec,192,119,3.659222837
triangular,ec,192,120,3.659332794
triangular,ec,192,121,3.658902998
triangular,ec,192,122,3.660652799
triangular,ec,192,123,3.659622714
triangular,ec,192,124,3.659482747
triangular,ec,192,125,3.659322798
triangular,ec,192,126,3.659182854
triangular,ec,192,127,3.660012678
triangular,ec,192,128,3.660062679
triangular,ec,192,129,3.659442758
triangular,ec,192,130,3.660262698
triangular,ec,192,131,3.659202845
triangular,ec,192,132,3.659392774
triangular,ec,192,133,3.659422764
triangular,ec,192,134,3.660342712
triangular,ec,192,135,3.6597027
triangular,ec,192,136,3.659482747
triangular,ec,192,137,3.659162863
triangular,ec,192,138,3.659942678
triangular,ec,192,139,3.659452755
triangular,ec,192,140,3.658693135
triangular,ec,192,141,3.659522736
triangular,ec,192,142,3.659162863
triangular,ec,192,143,3.660672806
triangular,ec,192,144,3.660002678
triangular,ec,192,145,3.65964271
triangular,ec,192,146,3.659542731
triangular,ec,192,147,3.660142684
triangular,ec,192,148,3.659792688
triangular,ec,192,149,3.659992678
triangular,ec,192,150,3.659902679
triangular,ec,192,151,3.659662706
triangular,ec,192,152,3.659682703
triangular,ec,192,153,3.659152867
triangular,ec,192,154,3.659382777
triangular,ec,192,155,3.65959272
triangular,ec,192,156,3.660102681
triangular,ec,192,157,3.659722697
triangular,ec,192,158,3.659412767
triangular,ec,192,159,3.659912679
triangular,ec,192,160,3.659612716
triangular,ec,192,161,3.659482747
triangular,ec,192,162,3.65989268
triangular,ec,192,163,3.659082901
triangular,ec,192,164,3.659382777
triangular,ec,192,165,3.659652708
triangular,ec,192,166,3.659412767
triangular,ec,192,167,3.658932981
triangular,ec,192,168,3.65937278
triangular,ec,192,169,3.658553239
triangular,ec,192,170,3.659102891
triangular,ec,192,171,3.659122881
triangular,ec,192,172,3.659112886
triangular,ec,192,173,3.659712698
triangular,ec,192,174,3.658912992
triangular,ec,192,175,3.659572724
triangular,ec,192,176,3.659502741
triangular,ec,192,177,3.659492744
triangular,ec,192,178,3.66033271
triangular,ec,192,179,3.659922679
triangular,ec,192,180,3.658952969
triangular,ec,192,181,3.660362716
triangular,ec,192,182,3.660032678
triangular,ec,192,183,3.659782689
triangular,ec,192,184,3.65937278
triangular,ec,192,185,3.659552729
triangular,ec,192,186,3.660062679
triangular,ec,192,187,3.660252697
triangular,ec,192,188,3.659492744
triangular,ec,192,189,3.659852682
triangular,ec,192,190,3.659762691
triangular,ec,192,191,3.659842683
triangular,ec,192,192,3.658543247
triangular,ec,192,193,3.658503279
triangular,ec,192,194,3.6597027
triangular,ec,192,195,3.659692701
triangular,ec,192,196,3.658982953
triangular,ec,192,197,3.659232833
triangular,ec,192,198,3.659462752
triangular,ec,192,199,3.659732695
triangular,ec,256,0,3.653721312
triangular,ec,256,1,3.65405022
triangular,ec,256,2,3.654000382
triangular,ec,256,3,3.654738129
triangular,ec,256,4,3.653910676
triangular,ec,256,5,3.653801042
triangular,ec,256,6,3.654239619
triangular,ec,256,7,3.654299433
triangular,ec,256,8,3.65397048
triangular,ec,256,9,3.653651551
triangular,ec,256,10,3.654488857
triangular,ec,256,11,3.654468916
triangular,ec,256,12,3.653641586
triangular,ec,256,13,3.653870808
triangular,ec,256,14,3.654169838
triangular,ec,256,15,3.654319371
triangular,ec,256,16,3.654538708
triangular,ec,256,17,3.653771143
triangular,ec,256,18,3.654070156
triangular,ec,256,19,3.653611689
triangular,ec,256,20,3.65370138
triangular,ec,256,21,3.654349279
triangular,ec,256,22,3.654648387
triangular,ec,256,23,3.654070156
triangular,ec,256,24,3.653342643
triangular,ec,256,25,3.653711346
triangular,ec,256,26,3.654149901
triangular,ec,256,27,3.654787987
triangular,ec,256,28,3.654718186
triangular,ec,256,29,3.65422965
triangular,ec,256,30,3.653870808
triangular,ec,256,31,3.653900709
triangular,ec,256,32,3.654389157
triangular,ec,256,33,3.653890742
triangular,ec,256,34,3.653462214
triangular,ec,256,35,3.653890742
triangular,ec,256,36,3.654419067
triangular,ec,256,37,3.653801042
triangular,ec,256,38,3.653541933
triangular,ec,256,39,3.653870808
triangular,ec,256,40,3.654259556
triangular,ec,256,41,3.654070156
triangular,ec,256,42,3.653791076
triangular,ec,256,43,3.653651551
triangular,ec,256,44,3.65375121
triangular,ec,256,45,3.654289463
triangular,ec,256,46,3.654638416
triangular,ec,256,47,3.654129965
triangular,ec,256,48,3.65405022
triangular,ec,256,49,3.654309402
triangular,ec,256,50,3.65393061
triangular,ec,256,51,3.654249587
triangular,ec,256,52,3.654189775
triangular,ec,256,53,3.654169838
triangular,ec,256,54,3.65393061
triangular,ec,256,55,3.654249587
triangular,ec,256,56,3.65397048
triangular,ec,256,57,3.653731278
triangular,ec,256,58,3.654239619
triangular,ec,256,59,3.654209712
triangular,ec,256,60,3.653601724
triangular,ec,256,61,3.653990414
triangular,ec,256,62,3.65405022
triangular,ec,256,63,3.654020317
triangular,ec,256,64,3.654149901
triangular,ec,256,65,3.654060188
triangular,ec,256,66,3.654299433
triangular,ec,256,67,3.654219681
triangular,ec,256,68,3.654478886
triangular,ec,256,69,3.654289463
triangular,ec,256,70,3.65432934
triangular,ec,256,71,3.654080124
triangular,ec,256,72,3.654359249
triangular,ec,256,73,3.654169838
triangular,ec,256,74,3.653661517
triangular,ec,256,75,3.65433931
triangular,ec,256,76,3.654000382
triangular,ec,256,77,3.65410006
triangular,ec,256,78,3.654060188
triangular,ec,256,79,3.654219681
triangular,ec,256,80,3.654548679
triangular,ec,256,81,3.654080124
triangular,ec,256,82,3.654289463
triangular,ec,256,83,3.65393061
triangular,ec,256,84,3.65422965
triangular,ec,256,85,3.654488857
triangular,ec,256,86,3.653811008
triangular,ec,256,87,3.653781109
triangular,ec,256,88,3.654110028
triangular,ec,256,89,3.654020317
triangular,ec,256,90,3.653920643
triangular,ec,256,91,3.654020317
triangular,ec,256,92,3.654359249
triangular,ec,256,93,3.654458946
triangular,ec,256,94,3.654439006
triangular,ec,256,95,3.653651551
triangular,ec,256,96,3.653840908
triangular,ec,256,97,3.654758072
triangular,ec,256,98,3.653641586
triangular,ec,256,99,3.654209712
triangular,ec,256,100,3.6547481
triangular,ec,256,101,3.653990414
triangular,ec,256,102,3.653522003
triangular,ec,256,103,3.654439006
triangular,ec,256,104,3.653691414
triangular,ec,256,105,3.653900709
triangular,ec,256,106,3.653840908
triangular,ec,256,107,3.653402427
triangular,ec,256,108,3.654090092
triangular,ec,256,109,3.653860842
triangular,ec,256,110,3.654349279
triangular,ec,256,111,3.654698243
triangular,ec,256,112,3.654040252
triangular,ec,256,113,3.65432934
triangular,ec,256,114,3.654219681
triangular,ec,256,115,3.654279494
triangular,ec,256,116,3.65432934
triangular,ec,256,117,3.654439006
triangular,ec,256,118,3.654010349
triangular,ec,256,119,3.65405022
triangular,ec,256,120,3.653980447
triangular,ec,256,121,3.654080124
triangular,ec,256,122,3.654080124
triangular,ec,256,123,3.654409097
triangular,ec,256,124,3.653950545
triangular,ec,256,125,3.653581793
triangular,ec,256,126,3.653950545
triangular,ec,256,127,3.654219681
triangular,ec,256,128,3.654528738
triangular,ec,256,129,3.654149901
triangular,ec,256,130,3.653820975
triangular,ec,256,131,3.65397048
triangular,ec,256,132,3.653621655
triangular,ec,256,133,3.653591758
triangular,ec,256,134,3.654448976
triangular,ec,256,135,3.654389157
triangular,ec,256,136,3.654030285
triangular,ec,256,137,3.654448976
triangular,ec,256,138,3.654169838
triangular,ec,256,139,3.654040252
triangular,ec,256,140,3.654558649
triangular,ec,256,141,3.653950545
triangular,ec,256,142,3.65410006
triangular,ec,256,143,3.654219681
triangular,ec,256,144,3.654359249
triangular,ec,256,145,3.653900709
triangular,ec,256,146,3.654468916
triangular,ec,256,147,3.654488857
triangular,ec,256,148,3.654110028
triangular,ec,256,149,3.65433931
triangular,ec,256,150,3.654060188
triangular,ec,256,151,3.654169838
triangular,ec,256,152,3.654349279
triangular,ec,256,153,3.654159869
triangular,ec,256,154,3.654000382
triangular,ec,256,155,3.654070156
triangular,ec,256,156,3.654379188
triangular,ec,256,157,3.654110028
triangular,ec,256,158,3.653910676
triangular,ec,256,159,3.65397048
triangular,ec,256,160,3.654478886
triangular,ec,256,161,3.653621655
triangular,ec,256,162,3.653980447
triangular,ec,256,163,3.653940578
triangular,ec,256,164,3.653900709
triangular,ec,256,165,3.653412392
triangular,ec,256,166,3.654259556
triangular,ec,256,167,3.653522003
triangular,ec,256,168,3.653950545
triangular,ec,256,169,3.654010349
triangular,ec,256,170,3.654817903
triangular,ec,256,171,3.653512038
triangular,ec,256,172,3.653980447
triangular,ec,256,173,3.654379188
triangular,ec,256,174,3.653203153
triangular,ec,256,175,3.654010349
triangular,ec,256,176,3.653950545
triangular,ec,256,177,3.653591758
triangular,ec,256,178,3.65433931
triangular,ec,256,179,3.65393061
triangular,ec,256,180,3.654000382
triangular,ec,256,181,3.653880775
triangular,ec,256,182,3.653860842
triangular,ec,256,183,3.653681448
triangular,ec,256,184,3.654309402
triangular,ec,256,185,3.653243006
triangular,ec,256,186,3.653860842
triangular,ec,256,187,3.653761177
triangular,ec,256,188,3.654199744
triangular,ec,256,189,3.65397048
triangular,ec,256,190,3.654349279
triangular,ec,256,191,3.654429036
triangular,ec,256,192,3.65405022
triangular,ec,256,193,3.654548679
triangular,ec,256,194,3.654020317
triangular,ec,256,195,3.654259556
triangular,ec,256,196,3.654488857
triangular,ec,256,197,3.654149901
triangular,ec,256,198,3.653870808
triangular,ec,256,199,3.653801042
triangular,ec,384,0,3.650005191
triangular,ec,384,1,3.650134843
triangular,ec,384,2,3.649626262
triangular,ec,384,3,3.649905466
triangular,ec,384,4,3.649716001
triangular,ec,384,5,3.649905466
triangular,ec,384,6,3.649985246
triangular,ec,384,7,3.64992541
triangular,ec,384,8,3.650075003
triangular,ec,384,9,3.649935383
triangular,ec,384,10,3.649735944
triangular,ec,384,11,3.65025453
triangular,ec,384,12,3.649915438
triangular,ec,384,13,3.649885521
triangular,ec,384,14,3.649586379
triangular,ec,384,15,3.650234581
triangular,ec,384,16,3.64937701
triangular,ec,384,17,3.649606321
triangular,ec,384,18,3.649755887
triangular,ec,384,19,3.650065029
triangular,ec,384,20,3.65015479
triangular,ec,384,21,3.649636233
triangular,ec,384,22,3.649845633
triangular,ec,384,23,3.649606321
triangular,ec,384,24,3.650164764
triangular,ec,384,25,3.649287287
triangular,ec,384,26,3.649636233
triangular,ec,384,27,3.650274478
triangular,ec,384,28,3.650025137
triangular,ec,384,29,3.649636233
triangular,ec,384,30,3.649676117
triangular,ec,384,31,3.650134843
triangular,ec,384,32,3.649386979
triangular,ec,384,33,3.650194685
triangular,ec,384,34,3.649576409
triangular,ec,384,35,3.650065029
triangular,ec,384,36,3.650134843
triangular,ec,384,37,3.649536527
triangular,ec,384,38,3.649656175
triangular,ec,384,39,3.649935383
triangular,ec,384,40,3.649686088
triangular,ec,384,41,3.649915438
triangular,ec,384,42,3.650284453
triangular,ec,384,43,3.649975273
triangular,ec,384,44,3.65015479
triangular,ec,384,45,3.649745916
triangular,ec,384,46,3.649955328
triangular,ec,384,47,3.6499653
triangular,ec,384,48,3.64977583
triangular,ec,384,49,3.650045083
triangular,ec,384,50,3.650005191
triangular,ec,384,51,3.649636233
triangular,ec,384,52,3.649845633
triangular,ec,384,53,3.649975273
triangular,ec,384,54,3.650025137
triangular,ec,384,55,3.649755887
triangular,ec,384,56,3.65044405
triangular,ec,384,57,3.649646204
triangular,ec,384,58,3.650384199
triangular,ec,384,59,3.649576409
triangular,ec,384,60,3.649915438
triangular,ec,384,61,3.649556468
triangular,ec,384,62,3.650114896
triangular,ec,384,63,3.649995219
triangular,ec,384,64,3.650274478
triangular,ec,384,65,3.649935383
triangular,ec,384,66,3.650424099
triangular,ec,384,67,3.650005191
triangular,ec,384,68,3.649905466
triangular,ec,384,69,3.649536527
triangular,ec,384,70,3.650005191
triangular,ec,384,71,3.649536527
triangular,ec,384,72,3.650114896
triangular,ec,384,73,3.649835661
triangular,ec,384,74,3.649735944
triangular,ec,384,75,3.649845633
triangular,ec,384,76,3.649426857
triangular,ec,384,77,3.649666146
triangular,ec,384,78,3.6499653
triangular,ec,384,79,3.65015479
triangular,ec,384,80,3.649865577
triangular,ec,384,81,3.650194685
triangular,ec,384,82,3.650094949
triangular,ec,384,83,3.65012487
triangular,ec,384,84,3.649646204
triangular,ec,384,85,3.650314376
triangular,ec,384,86,3.649795773
triangular,ec,384,87,3.65003511
triangular,ec,384,88,3.650015164
triangular,ec,384,89,3.649755887
triangular,ec,384,90,3.650015164
triangular,ec,384,91,3.650334325
triangular,ec,384,92,3.650055056
triangular,ec,384,93,3.649885521
triangular,ec,384,94,3.650065029
triangular,ec,384,95,3.650104923
triangular,ec,384,96,3.649765859
triangular,ec,384,97,3.650204659
triangular,ec,384,98,3.649825689
triangular,ec,384,99,3.650075003
triangular,ec,384,100,3.650234581
triangular,ec,384,101,3.649875549
triangular,ec,384,102,3.649995219
triangular,ec,384,103,3.650184712
triangular,ec,384,104,3.650304402
triangular,ec,384,105,3.649855605
triangular,ec,384,106,3.650294427
triangular,ec,384,107,3.650055056
triangular,ec,384,108,3.649566438
triangular,ec,384,109,3.649995219
triangular,ec,384,110,3.650055056
triangular,ec,384,111,3.650094949
triangular,ec,384,112,3.649825689
triangular,ec,384,113,3.649815717
triangular,ec,384,114,3.650214633
triangular,ec,384,115,3.649975273
triangular,ec,384,116,3.649885521
triangular,ec,384,117,3.649725973
triangular,ec,384,118,3.650144817
triangular,ec,384,119,3.649696059
triangular,ec,384,120,3.650164764
triangular,ec,384,121,3.649765859
triangular,ec,384,122,3.650055056
triangular,ec,384,123,3.649825689
triangular,ec,384,124,3.649606321
triangular,ec,384,125,3.650234581
triangular,ec,384,126,3.65012487
triangular,ec,384,127,3.649566438
triangular,ec,384,128,3.649416888
triangular,ec,384,129,3.649606321
triangular,ec,384,130,3.650503902
triangular,ec,384,131,3.649735944
triangular,ec,384,132,3.649975273
triangular,ec,384,133,3.650055056
triangular,ec,384,134,3.649995219
triangular,ec,384,135,3.650533829
triangular,ec,384,136,3.650094949
triangular,ec,384,137,3.649396949
triangular,ec,384,138,3.649905466
triangular,ec,384,139,3.649646204
triangular,ec,384,140,3.649646204
triangular,ec,384,141,3.649646204
triangular,ec,384,142,3.650234581
triangular,ec,384,143,3.64977583
triangular,ec,384,144,3.649955328
triangular,ec,384,145,3.64992541
triangular,ec,384,146,3.649995219
triangular,ec,384,147,3.650055056
triangular,ec,384,148,3.650274478
triangular,ec,384,149,3.649646204
triangular,ec,384,150,3.650094949
triangular,ec,384,151,3.649995219
triangular,ec,384,152,3.649536527
triangular,ec,384,153,3.649835661
triangular,ec,384,154,3.649995219
triangular,ec,384,155,3.650104923
triangular,ec,384,156,3.649735944
triangular,ec,384,157,3.650005191
triangular,ec,384,158,3.650025137
triangular,ec,384,159,3.650075003
triangular,ec,384,160,3.649815717
triangular,ec,384,161,3.649686088
triangular,ec,384,162,3.649855605
triangular,ec,384,163,3.650015164
triangular,ec,384,164,3.650294427
triangular,ec,384,165,3.650075003
triangular,ec,384,166,3.64992541
triangular,ec,384,167,3.649855605
triangular,ec,384,168,3.649686088
triangular,ec,384,169,3.649735944
triangular,ec,384,170,3.650025137
triangular,ec,384,171,3.649656175
triangular,ec,384,172,3.649735944
triangular,ec,384,173,3.650005191
triangular,ec,384,174,3.649825689
triangular,ec,384,175,3.649446797
triangular,ec,384,176,3.649975273
triangular,ec,384,177,3.649825689
triangular,ec,384,178,3.650214633
triangular,ec,384,179,3.650244556
triangular,ec,384,180,3.649875549
triangular,ec,384,181,3.649875549
triangular,ec,384,182,3.650114896
triangular,ec,384,183,3.64977583
triangular,ec,384,184,3.649835661
triangular,ec,384,185,3.649945355
triangular,ec,384,186,3.649566438
triangular,ec,384,187,3.650324351
triangular,ec,384,188,3.650274478
triangular,ec,384,189,3.649955328
triangular,ec,384,190,3.649975273
triangular,ec,384,191,3.650164764
triangular,ec,384,192,3.649945355
triangular,ec,384,193,3.649745916
triangular,ec,384,194,3.649985246
triangular,ec,384,195,3.650224607
triangular,ec,384,196,3.649805745
triangular,ec,384,197,3.65003511
triangular,ec,384,198,3.649815717
triangular,ec,384,199,3.649805745
triangular,ec,512,0,3.647694043
triangular,ec,512,1,3.64779392
triangular,ec,512,2,3.648013669
triangular,ec,512,3,3.647584185
triangular,ec,512,4,3.647694043
triangular,ec,512,5,3.647414416
triangular,ec,512,6,3.647514278
triangular,ec,512,7,3.647514278
triangular,ec,512,8,3.647504292
triangular,ec,512,9,3.647983702
triangular,ec,512,10,3.647893803
triangular,ec,512,11,3.647614145
triangular,ec,512,12,3.647474333
triangular,ec,512,13,3.64740443
triangular,ec,512,14,3.647813896
triangular,ec,512,15,3.648043637
triangular,ec,512,16,3.647244664
triangular,ec,512,17,3.647873826
triangular,ec,512,18,3.647344516
triangular,ec,512,19,3.647624132
triangular,ec,512,20,3.647983702
triangular,ec,512,21,3.647743981
triangular,ec,512,22,3.647364487
triangular,ec,512,23,3.647484319
triangular,ec,512,24,3.647434388
triangular,ec,512,25,3.647833873
triangular,ec,512,26,3.647694043
triangular,ec,512,27,3.647554224
triangular,ec,512,28,3.647484319
triangular,ec,512,29,3.647544238
triangular,ec,512,30,3.647933758
triangular,ec,512,31,3.647724006
triangular,ec,512,32,3.64779392
triangular,ec,512,33,3.647664081
triangular,ec,512,34,3.647753969
triangular,ec,512,35,3.647364487
triangular,ec,512,36,3.647354502
triangular,ec,512,37,3.647194739
triangular,ec,512,38,3.647374473
triangular,ec,512,39,3.647354502
triangular,ec,512,40,3.647474333
triangular,ec,512,41,3.64745436
triangular,ec,512,42,3.647444374
triangular,ec,512,43,3.647863838
triangular,ec,512,44,3.647654094
triangular,ec,512,45,3.647424402
triangular,ec,512,46,3.646875257
triangular,ec,512,47,3.647634119
triangular,ec,512,48,3.647654094
triangular,ec,512,49,3.647714018
triangular,ec,512,50,3.647544238
triangular,ec,512,51,3.647574198
triangular,ec,512,52,3.647284604
triangular,ec,512,53,3.647474333
triangular,ec,512,54,3.647644107
triangular,ec,512,55,3.648103574
triangular,ec,512,56,3.647753969
triangular,ec,512,57,3.647833873
triangular,ec,512,58,3.647494305
triangular,ec,512,59,3.647594171
triangular,ec,512,60,3.647234679
triangular,ec,512,61,3.647554224
triangular,ec,512,62,3.647833873
triangular,ec,512,63,3.647264634
triangular,ec,512,64,3.647164785
triangular,ec,512,65,3.647953735
triangular,ec,512,66,3.647654094
triangular,ec,512,67,3.647634119
triangular,ec,512,68,3.647204724
triangular,ec,512,69,3.647304574
triangular,ec,512,70,3.647973713
triangular,ec,512,71,3.647474333
triangular,ec,512,72,3.647694043
triangular,ec,512,73,3.647833873
triangular,ec,512,74,3.647763957
triangular,ec,512,75,3.647464346
triangular,ec,512,76,3.647284604
triangular,ec,512,77,3.647704031
triangular,ec,512,78,3.647434388
triangular,ec,512,79,3.647783932
triangular,ec,512,80,3.647863838
triangular,ec,512,81,3.647843861
triangular,ec,512,82,3.647674068
triangular,ec,512,83,3.64745436
triangular,ec,512,84,3.647424402
triangular,ec,512,85,3.647753969
triangular,ec,512,86,3.647664081
triangular,ec,512,87,3.647803908
triangular,ec,512,88,3.647943746
triangular,ec,512,89,3.647544238
triangular,ec,512,90,3.647564211
triangular,ec,512,91,3.647234679
triangular,ec,512,92,3.647574198
triangular,ec,512,93,3.647594171
triangular,ec,512,94,3.647694043
triangular,ec,512,95,3.647574198
triangular,ec,512,96,3.647294589
triangular,ec,512,97,3.647773944
triangular,ec,512,98,3.647534251
triangular,ec,512,99,3.647674068
triangular,ec,512,100,3.647704031
triangular,ec,512,101,3.647474333
triangular,ec,512,102,3.647574198
triangular,ec,512,103,3.647554224
triangular,ec,512,104,3.647903792
triangular,ec,512,105,3.647414416
triangular,ec,512,106,3.647444374
triangular,ec,512,107,3.647534251
triangular,ec,512,108,3.647873826
triangular,ec,512,109,3.647813896
triangular,ec,512,110,3.647813896
triangular,ec,512,111,3.647694043
triangular,ec,512,112,3.647853849
triangular,ec,512,113,3.647644107
triangular,ec,512,114,3.647694043
triangular,ec,512,115,3.647893803
triangular,ec,512,116,3.647364487
triangular,ec,512,117,3.647773944
triangular,ec,512,118,3.647644107
triangular,ec,512,119,3.647444374
triangular,ec,512,120,3.648073606
triangular,ec,512,121,3.647644107
triangular,ec,512,122,3.647274619
triangular,ec,512,123,3.647414416
triangular,ec,512,124,3.647434388
triangular,ec,512,125,3.647733993
triangular,ec,512,126,3.648013669
triangular,ec,512,127,3.647474333
triangular,ec,512,128,3.647224694
triangular,ec,512,129,3.647564211
triangular,ec,512,130,3.647823885
triangular,ec,512,131,3.647444374
triangular,ec,512,132,3.647733993
triangular,ec,512,133,3.647344516
triangular,ec,512,134,3.647164785
triangular,ec,512,135,3.647803908
triangular,ec,512,136,3.647224694
triangular,ec,512,137,3.647724006
triangular,ec,512,138,3.647044975
triangular,ec,512,139,3.647584185
triangular,ec,512,140,3.647264634
triangular,ec,512,141,3.647654094
triangular,ec,512,142,3.647294589
triangular,ec,512,143,3.647464346
triangular,ec,512,144,3.647773944
triangular,ec,512,145,3.64791378
triangular,ec,512,146,3.647654094
triangular,ec,512,147,3.647893803
triangular,ec,512,148,3.648133544
triangular,ec,512,149,3.647484319
triangular,ec,512,150,3.647813896
triangular,ec,512,151,3.64745436
triangular,ec,512,152,3.647564211
triangular,ec,512,153,3.647434388
triangular,ec,512,154,3.647534251
triangular,ec,512,155,3.647733993
triangular,ec,512,156,3.647684056
triangular,ec,512,157,3.647344516
triangular,ec,512,158,3.647524265
triangular,ec,512,159,3.647694043
triangular,ec,512,160,3.647604158
triangular,ec,512,161,3.64791378
triangular,ec,512,162,3.647743981
triangular,ec,512,163,3.647494305
triangular,ec,512,164,3.647424402
triangular,ec,512,165,3.64791378
triangular,ec,512,166,3.647614145
triangular,ec,512,167,3.647484319
triangular,ec,512,168,3.647803908
triangular,ec,512,169,3.647733993
triangular,ec,512,170,3.647823885
triangular,ec,512,171,3.647564211
triangular,ec,512,172,3.647813896
triangular,ec,512,173,3.647853849
triangular,ec,512,174,3.647514278
triangular,ec,512,175,3.647893803
triangular,ec,512,176,3.647704031
triangular,ec,512,177,3.647614145
triangular,ec,512,178,3.647444374
triangular,ec,512,179,3.647724006
triangular,ec,512,180,3.647254649
triangular,ec,512,181,3.647823885
triangular,ec,512,182,3.647733993
triangular,ec,512,183,3.647534251
triangular,ec,512,184,3.647594171
triangular,ec,512,185,3.647474333
triangular,ec,512,186,3.647064943
triangular,ec,512,187,3.647704031
triangular,ec,512,188,3.647604158
triangular,ec,512,189,3.647464346
triangular,ec,512,190,3.64779392
triangular,ec,512,191,3.648153523
triangular,ec,512,192,3.647674068
triangular,ec,512,193,3.647524265
triangular,ec,512,194,3.64800368
triangular,ec,512,195,3.648073606
triangular,ec,512,196,3.647444374
triangular,ec,512,197,3.647324545
triangular,ec,512,198,3.647354502
triangular,ec,512,199,3.648173503
triangular,ec,768,0,3.645079209
triangular,ec,768,1,3.644819926
triangular,ec,768,2,3.644959535
triangular,ec,768,3,3.644989453
triangular,ec,768,4,3.64519889
triangular,ec,768,5,3.645178943
triangular,ec,768,6,3.645069236
triangular,ec,768,7,3.644899701
triangular,ec,768,8,3.645218838
triangular,ec,768,9,3.645079209
triangular,ec,768,10,3.645368452
triangular,ec,768,11,3.644819926
triangular,ec,768,12,3.644989453
triangular,ec,768,13,3.644949563
triangular,ec,768,14,3.645268708
triangular,ec,768,15,3.645129075
triangular,ec,768,16,3.64519889
triangular,ec,768,17,3.644869785
triangular,ec,768,18,3.645268708
triangular,ec,768,19,3.645458227
triangular,ec,768,20,3.64531858
triangular,ec,768,21,3.644959535
triangular,ec,768,22,3.644929618
triangular,ec,768,23,3.645488153
triangular,ec,768,24,3.644879757
triangular,ec,768,25,3.644829898
triangular,ec,768,26,3.644999425
triangular,ec,768,27,3.645428302
triangular,ec,768,28,3.645099155
triangular,ec,768,29,3.644989453
triangular,ec,768,30,3.645039317
triangular,ec,768,31,3.645418327
triangular,ec,768,32,3.644949563
triangular,ec,768,33,3.645378427
triangular,ec,768,34,3.645029344
triangular,ec,768,35,3.645168969
triangular,ec,768,36,3.645158996
triangular,ec,768,37,3.645418327
triangular,ec,768,38,3.645079209
triangular,ec,768,39,3.645168969
triangular,ec,768,40,3.644929618
triangular,ec,768,41,3.645218838
triangular,ec,768,42,3.644999425
triangular,ec,768,43,3.645218838
triangular,ec,768,44,3.645129075
triangular,ec,768,45,3.645129075
triangular,ec,768,46,3.644889729
triangular,ec,768,47,3.645039317
triangular,ec,768,48,3.645428302
triangular,ec,768,49,3.64519889
triangular,ec,768,50,3.645238786
triangular,ec,768,51,3.645268708
triangular,ec,768,52,3.645368452
triangular,ec,768,53,3.645358478
triangular,ec,768,54,3.645388402
triangular,ec,768,55,3.645368452
triangular,ec,768,56,3.645079209
triangular,ec,768,57,3.645099155
triangular,ec,768,58,3.645418327
triangular,ec,768,59,3.645099155
triangular,ec,768,60,3.644999425
triangular,ec,768,61,3.645029344
triangular,ec,768,62,3.645099155
triangular,ec,768,63,3.645119102
triangular,ec,768,64,3.644969508
triangular,ec,768,65,3.645438277
triangular,ec,768,66,3.645208864
triangular,ec,768,67,3.645089182
triangular,ec,768,68,3.645039317
triangular,ec,768,69,3.645168969
triangular,ec,768,70,3.645238786
triangular,ec,768,71,3.645268708
triangular,ec,768,72,3.64504929
triangular,ec,768,73,3.645099155
triangular,ec,768,74,3.645099155
triangular,ec,768,75,3.644969508
triangular,ec,768,76,3.645089182
triangular,ec,768,77,3.645089182
triangular,ec,768,78,3.645428302
triangular,ec,768,79,3.645168969
triangular,ec,768,80,3.645408352
triangular,ec,768,81,3.645258734
triangular,ec,768,82,3.645039317
triangular,ec,768,83,3.645009398
triangular,ec,768,84,3.644859813
triangular,ec,768,85,3.645408352
triangular,ec,768,86,3.645149022
triangular,ec,768,87,3.645129075
triangular,ec,768,88,3.645188916
triangular,ec,768,89,3.645139048
triangular,ec,768,90,3.645348503
triangular,ec,768,91,3.645059263
triangular,ec,768,92,3.645448252
triangular,ec,768,93,3.644839869
triangular,ec,768,94,3.645308605
triangular,ec,768,95,3.645218838
triangular,ec,768,96,3.645368452
triangular,ec,768,97,3.644959535
triangular,ec,768,98,3.64497948
triangular,ec,768,99,3.645208864
triangular,ec,768,100,3.64497948
triangular,ec,768,101,3.645099155
triangular,ec,768,102,3.645029344
triangular,ec,768,103,3.644959535
triangular,ec,768,104,3.645149022
triangular,ec,768,105,3.645158996
triangular,ec,768,106,3.644999425
triangular,ec,768,107,3.645238786
triangular,ec,768,108,3.645119102
triangular,ec,768,109,3.645238786
triangular,ec,768,110,3.645228812
triangular,ec,768,111,3.645009398
triangular,ec,768,112,3.645378427
triangular,ec,768,113,3.644809954
triangular,ec,768,114,3.645079209
triangular,ec,768,115,3.645338529
triangular,ec,768,116,3.644989453
triangular,ec,768,117,3.645109128
triangular,ec,768,118,3.645039317
triangular,ec,768,119,3.645109128
triangular,ec,768,120,3.645168969
triangular,ec,768,121,3.645178943
triangular,ec,768,122,3.645109128
triangular,ec,768,123,3.645238786
triangular,ec,768,124,3.644949563
triangular,ec,768,125,3.645139048
triangular,ec,768,126,3.645019371
triangular,ec,768,127,3.644929618
triangular,ec,768,128,3.645009398
triangular,ec,768,129,3.644919646
triangular,ec,768,130,3.645099155
triangular,ec,768,131,3.645358478
triangular,ec,768,132,3.645168969
triangular,ec,768,133,3.644969508
triangular,ec,768,134,3.645089182
triangular,ec,768,135,3.64524876
triangular,ec,768,136,3.645039317
triangular,ec,768,137,3.645458227
triangular,ec,768,138,3.644889729
triangular,ec,768,139,3.645338529
triangular,ec,768,140,3.645129075
triangular,ec,768,141,3.644999425
triangular,ec,768,142,3.645099155
triangular,ec,768,143,3.644949563
triangular,ec,768,144,3.645258734
triangular,ec,768,145,3.644919646
triangular,ec,768,146,3.64519889
triangular,ec,768,147,3.645448252
triangular,ec,768,148,3.644989453
triangular,ec,768,149,3.644879757
triangular,ec,768,150,3.645109128
triangular,ec,768,151,3.644780039
triangular,ec,768,152,3.645208864
triangular,ec,768,153,3.645029344
triangular,ec,768,154,3.645238786
triangular,ec,768,155,3.645328554
triangular,ec,768,156,3.645029344
triangular,ec,768,157,3.645079209
triangular,ec,768,158,3.645029344
triangular,ec,768,159,3.645298631
triangular,ec,768,160,3.644919646
triangular,ec,768,161,3.645099155
triangular,ec,768,162,3.645188916
triangular,ec,768,163,3.64497948
triangular,ec,768,164,3.645079209
triangular,ec,768,165,3.645039317
triangular,ec,768,166,3.645139048
triangular,ec,768,167,3.644770068
triangular,ec,768,168,3.645458227
triangular,ec,768,169,3.645079209
triangular,ec,768,170,3.644999425
triangular,ec,768,171,3.645029344
triangular,ec,768,172,3.645059263
triangular,ec,768,173,3.644829898
triangular,ec,768,174,3.645168969
triangular,ec,768,175,3.64504929
triangular,ec,768,176,3.645158996
triangular,ec,768,177,3.645358478
triangular,ec,768,178,3.645228812
triangular,ec,768,179,3.644929618
triangular,ec,768,180,3.645039317
triangular,ec,768,181,3.645119102
triangular,ec,768,182,3.645458227
triangular,ec,768,183,3.645338529
triangular,ec,768,184,3.645308605
triangular,ec,768,185,3.64504929
triangular,ec,768,186,3.645059263
triangular,ec,768,187,3.644869785
triangular,ec,768,188,3.645149022
triangular,ec,768,189,3.645488153
triangular,ec,768,190,3.645278682
triangular,ec,768,191,3.645178943
triangular,ec,768,192,3.645458227
triangular,ec,768,193,3.645478178
triangular,ec,768,194,3.645139048
triangular,ec,768,195,3.644989453
triangular,ec,768,196,3.645188916
triangular,ec,768,197,3.645338529
triangular,ec,768,198,3.645308605
triangular,ec,768,199,3.64497948
triangular,ec,1024,0,3.64415763
triangular,ec,1024,1,3.644077778
triangular,ec,1024,2,3.643858203
triangular,ec,1024,3,3.644097741
triangular,ec,1024,4,3.644047834
triangular,ec,1024,5,3.644087759
triangular,ec,1024,6,3.644357275
triangular,ec,1024,7,3.644037853
triangular,ec,1024,8,3.644247468
triangular,ec,1024,9,3.644167612
triangular,ec,1024,10,3.644177593
triangular,ec,1024,11,3.644317344
triangular,ec,1024,12,3.644197557
triangular,ec,1024,13,3.644127685
triangular,ec,1024,14,3.644347293
triangular,ec,1024,15,3.644127685
triangular,ec,1024,16,3.644147648
triangular,ec,1024,17,3.644297379
triangular,ec,1024,18,3.644097741
triangular,ec,1024,19,3.644227503
triangular,ec,1024,20,3.644137667
triangular,ec,1024,21,3.644107722
triangular,ec,1024,22,3.644347293
triangular,ec,1024,23,3.644137667
triangular,ec,1024,24,3.64433731
triangular,ec,1024,25,3.644207539
triangular,ec,1024,26,3.644187575
triangular,ec,1024,27,3.644317344
triangular,ec,1024,28,3.64425745
triangular,ec,1024,29,3.644427156
triangular,ec,1024,30,3.644107722
triangular,ec,1024,31,3.644247468
triangular,ec,1024,32,3.644197557
triangular,ec,1024,33,3.644067797
triangular,ec,1024,34,3.64425745
triangular,ec,1024,35,3.644247468
triangular,ec,1024,36,3.644127685
triangular,ec,1024,37,3.644307362
triangular,ec,1024,38,3.64425745
triangular,ec,1024,39,3.644117703
triangular,ec,1024,40,3.644596879
triangular,ec,1024,41,3.643888143
triangular,ec,1024,42,3.644127685
triangular,ec,1024,43,3.644227503
triangular,ec,1024,44,3.643888143
triangular,ec,1024,45,3.644077778
triangular,ec,1024,46,3.644047834
triangular,ec,1024,47,3.644077778
triangular,ec,1024,48,3.64425745
triangular,ec,1024,49,3.644167612
triangular,ec,1024,50,3.644147648
triangular,ec,1024,51,3.644167612
triangular,ec,1024,52,3.643908104
triangular,ec,1024,53,3.644087759
triangular,ec,1024,54,3.644117703
triangular,ec,1024,55,3.644267432
triangular,ec,1024,56,3.644357275
triangular,ec,1024,57,3.644137667
triangular,ec,1024,58,3.644137667
triangular,ec,1024,59,3.644047834
triangular,ec,1024,60,3.643987949
triangular,ec,1024,61,3.644317344
triangular,ec,1024,62,3.644576911
triangular,ec,1024,63,3.644207539
triangular,ec,1024,64,3.64400791
triangular,ec,1024,65,3.644447123
triangular,ec,1024,66,3.643868183
triangular,ec,1024,67,3.644217521
triangular,ec,1024,68,3.644197557
triangular,ec,1024,69,3.644227503
triangular,ec,1024,70,3.644247468
triangular,ec,1024,71,3.644187575
triangular,ec,1024,72,3.644187575
triangular,ec,1024,73,3.643828263
triangular,ec,1024,74,3.644347293
triangular,ec,1024,75,3.644197557
triangular,ec,1024,76,3.644107722
triangular,ec,1024,77,3.644237485
triangular,ec,1024,78,3.644207539
triangular,ec,1024,79,3.644207539
triangular,ec,1024,80,3.644167612
triangular,ec,1024,81,3.644067797
triangular,ec,1024,82,3.644207539
triangular,ec,1024,83,3.644017891
triangular,ec,1024,84,3.644127685
triangular,ec,1024,85,3.644367258
triangular,ec,1024,86,3.644037853
triangular,ec,1024,87,3.644277415
triangular,ec,1024,88,3.644087759
triangular,ec,1024,89,3.644167612
triangular,ec,1024,90,3.64425745
triangular,ec,1024,91,3.64433731
triangular,ec,1024,92,3.644177593
triangular,ec,1024,93,3.644287397
triangular,ec,1024,94,3.643948026
triangular,ec,1024,95,3.644227503
triangular,ec,1024,96,3.64415763
triangular,ec,1024,97,3.644177593
triangular,ec,1024,98,3.644067797
triangular,ec,1024,99,3.644417173
triangular,ec,1024,100,3.644247468
triangular,ec,1024,101,3.644297379
triangular,ec,1024,102,3.64400791
triangular,ec,1024,103,3.643997929
triangular,ec,1024,104,3.644397207
triangular,ec,1024,105,3.644187575
triangular,ec,1024,106,3.644107722
triangular,ec,1024,107,3.644117703
triangular,ec,1024,108,3.644197557
triangular,ec,1024,109,3.64425745
triangular,ec,1024,110,3.644017891
triangular,ec,1024,111,3.644067797
triangular,ec,1024,112,3.644367258
triangular,ec,1024,113,3.644037853
triangular,ec,1024,114,3.644217521
triangular,ec,1024,115,3.643878163
triangular,ec,1024,116,3.644167612
triangular,ec,1024,117,3.644197557
triangular,ec,1024,118,3.644427156
triangular,ec,1024,119,3.644207539
triangular,ec,1024,120,3.644217521
triangular,ec,1024,121,3.644147648
triangular,ec,1024,122,3.644127685
triangular,ec,1024,123,3.644247468
triangular,ec,1024,124,3.644217521
triangular,ec,1024,125,3.644167612
triangular,ec,1024,126,3.644267432
triangular,ec,1024,127,3.644207539
triangular,ec,1024,128,3.644347293
triangular,ec,1024,129,3.644087759
triangular,ec,1024,130,3.644067797
triangular,ec,1024,131,3.643638654
triangular,ec,1024,132,3.644047834
triangular,ec,1024,133,3.644167612
triangular,ec,1024,134,3.64446709
triangular,ec,1024,135,3.644167612
triangular,ec,1024,136,3.644357275
triangular,ec,1024,137,3.64415763
triangular,ec,1024,138,3.64425745
triangular,ec,1024,139,3.644357275
triangular,ec,1024,140,3.64433731
triangular,ec,1024,141,3.644167612
triangular,ec,1024,142,3.644367258
triangular,ec,1024,143,3.644317344
triangular,ec,1024,144,3.643928065
triangular,ec,1024,145,3.644097741
triangular,ec,1024,146,3.644327327
triangular,ec,1024,147,3.644247468
triangular,ec,1024,148,3.644357275
triangular,ec,1024,149,3.644517007
triangular,ec,1024,150,3.644287397
triangular,ec,1024,151,3.644357275
triangular,ec,1024,152,3.644087759
triangular,ec,1024,153,3.644047834
triangular,ec,1024,154,3.644237485
triangular,ec,1024,155,3.643977968
triangular,ec,1024,156,3.644357275
triangular,ec,1024,157,3.64433731
triangular,ec,1024,158,3.644177593
triangular,ec,1024,159,3.644197557
triangular,ec,1024,160,3.644177593
triangular,ec,1024,161,3.644417173
triangular,ec,1024,162,3.644087759
triangular,ec,1024,163,3.643997929
triangular,ec,1024,164,3.644367258
triangular,ec,1024,165,3.644237485
triangular,ec,1024,166,3.644177593
triangular,ec,1024,167,3.643967987
triangular,ec,1024,168,3.644307362
triangular,ec,1024,169,3.644117703
triangular,ec,1024,170,3.644546959
triangular,ec,1024,171,3.644327327
triangular,ec,1024,172,3.644227503
triangular,ec,1024,173,3.644267432
triangular,ec,1024,174,3.644027872
triangular,ec,1024,175,3.643798323
triangular,ec,1024,176,3.643938045
triangular,ec,1024,177,3.644177593
triangular,ec,1024,178,3.64400791
triangular,ec,1024,179,3.644067797
triangular,ec,1024,180,3.644287397
triangular,ec,1024,181,3.644137667
triangular,ec,1024,182,3.644057815
triangular,ec,1024,183,3.64415763
triangular,ec,1024,184,3.644357275
triangular,ec,1024,185,3.644357275
triangular,ec,1024,186,3.643958006
triangular,ec,1024,187,3.644307362
triangular,ec,1024,188,3.644377241
triangular,ec,1024,189,3.644217521
triangular,ec,1024,190,3.644267432
triangular,ec,1024,191,3.644447123
triangular,ec,1024,192,3.644147648
triangular,ec,1024,193,3.644447123
triangular,ec,1024,194,3.644277415
triangular,ec,1024,195,3.644347293
triangular,ec,1024,196,3.644227503
triangular,ec,1024,197,3.644137667
triangular,ec,1024,198,3.644177593
triangular,ec,1024,199,3.644187575
triangular,ec,1536,0,3.643414791
triangular,ec,1536,1,3.643254717
triangular,ec,1536,2,3.64328473
triangular,ec,1536,3,3.643334752
triangular,ec,1536,4,3.643124667
triangular,ec,1536,5,3.643064647
triangular,ec,1536,6,3.643314743
triangular,ec,1536,7,3.643204697
triangular,ec,1536,8,3.643264721
triangular,ec,1536,9,3.643094657
triangular,ec,1536,10,3.643214701
triangular,ec,1536,11,3.643304738
triangular,ec,1536,12,3.643114664
triangular,ec,1536,13,3.643024635
triangular,ec,1536,14,3.643004629
triangular,ec,1536,15,3.643114664
triangular,ec,1536,16,3.643164681
triangular,ec,1536,17,3.643054644
triangular,ec,1536,18,3.643154678
triangular,ec,1536,19,3.643184689
triangular,ec,1536,20,3.643224705
triangular,ec,1536,21,3.643194693
triangular,ec,1536,22,3.643114664
triangular,ec,1536,23,3.643234709
triangular,ec,1536,24,3.643414791
triangular,ec,1536,25,3.643334752
triangular,ec,1536,26,3.64307465
triangular,ec,1536,27,3.643214701
triangular,ec,1536,28,3.643084654
triangular,ec,1536,29,3.643034638
triangular,ec,1536,30,3.643414791
triangular,ec,1536,31,3.643164681
triangular,ec,1536,32,3.643154678
triangular,ec,1536,33,3.643234709
triangular,ec,1536,34,3.643324748
triangular,ec,1536,35,3.642864595
triangular,ec,1536,36,3.643264721
triangular,ec,1536,37,3.643164681
triangular,ec,1536,38,3.642994627
triangular,ec,1536,39,3.643034638
triangular,ec,1536,40,3.643294734
triangular,ec,1536,41,3.643304738
triangular,ec,1536,42,3.643164681
triangular,ec,1536,43,3.64352485
triangular,ec,1536,44,3.642774579
triangular,ec,1536,45,3.643224705
triangular,ec,1536,46,3.643114664
triangular,ec,1536,47,3.642914606
triangular,ec,1536,48,3.643154678
triangular,ec,1536,49,3.643254717
triangular,ec,1536,50,3.643194693
triangular,ec,1536,51,3.643154678
triangular,ec,1536,52,3.643224705
triangular,ec,1536,53,3.643314743
triangular,ec,1536,54,3.643154678
triangular,ec,1536,55,3.643084654
triangular,ec,1536,56,3.643084654
triangular,ec,1536,57,3.643084654
triangular,ec,1536,58,3.643154678
triangular,ec,1536,59,3.642744575
triangular,ec,1536,60,3.643354761
triangular,ec,1536,61,3.643154678
triangular,ec,1536,62,3.643084654
triangular,ec,1536,63,3.643044641
triangular,ec,1536,64,3.643144674
triangular,ec,1536,65,3.643344757
triangular,ec,1536,66,3.643134671
triangular,ec,1536,67,3.643244713
triangular,ec,1536,68,3.643204697
triangular,ec,1536,69,3.642914606
triangular,ec,1536,70,3.643064647
triangular,ec,1536,71,3.643244713
triangular,ec,1536,72,3.643334752
triangular,ec,1536,73,3.643274725
triangular,ec,1536,74,3.643114664
triangular,ec,1536,75,3.642954616
triangular,ec,1536,76,3.643264721
triangular,ec,1536,77,3.643234709
triangular,ec,1536,78,3.642904604
triangular,ec,1536,79,3.642984624
triangular,ec,1536,80,3.643134671
triangular,ec,1536,81,3.643134671
triangular,ec,1536,82,3.643154678
triangular,ec,1536,83,3.643204697
triangular,ec,1536,84,3.643244713
triangular,ec,1536,85,3.643064647
triangular,ec,1536,86,3.643224705
triangular,ec,1536,87,3.643144674
triangular,ec,1536,88,3.643234709
triangular,ec,1536,89,3.643174685
triangular,ec,1536,90,3.643294734
triangular,ec,1536,91,3.643274725
triangular,ec,1536,92,3.642984624
triangular,ec,1536,93,3.643364766
triangular,ec,1536,94,3.643224705
triangular,ec,1536,95,3.64307465
triangular,ec,1536,96,3.643114664
triangular,ec,1536,97,3.643024635
triangular,ec,1536,98,3.643024635
triangular,ec,1536,99,3.643134671
triangular,ec,1536,100,3.643124667
triangular,ec,1536,101,3.643044641
triangular,ec,1536,102,3.642984624
triangular,ec,1536,103,3.64310466
triangular,ec,1536,104,3.643194693
triangular,ec,1536,105,3.643304738
triangular,ec,1536,106,3.643214701
triangular,ec,1536,107,3.643174685
triangular,ec,1536,108,3.643154678
triangular,ec,1536,109,3.643194693
triangular,ec,1536,110,3.64328473
triangular,ec,1536,111,3.643154678
triangular,ec,1536,112,3.643154678
triangular,ec,1536,113,3.642994627
triangular,ec,1536,114,3.64310466
triangular,ec,1536,115,3.643304738
triangular,ec,1536,116,3.643304738
triangular,ec,1536,117,3.643154678
triangular,ec,1536,118,3.643034638
triangular,ec,1536,119,3.643204697
triangular,ec,1536,120,3.643164681
triangular,ec,1536,121,3.64328473
triangular,ec,1536,122,3.643194693
triangular,ec,1536,123,3.643094657
triangular,ec,1536,124,3.643314743
triangular,ec,1536,125,3.643204697
triangular,ec,1536,126,3.643394781
triangular,ec,1536,127,3.643174685
triangular,ec,1536,128,3.64328473
triangular,ec,1536,129,3.643114664
triangular,ec,1536,130,3.643134671
triangular,ec,1536,131,3.643394781
triangular,ec,1536,132,3.643194693
triangular,ec,1536,133,3.643024635
triangular,ec,1536,134,3.643224705
triangular,ec,1536,135,3.643374771
triangular,ec,1536,136,3.642724572
triangular,ec,1536,137,3.643214701
triangular,ec,1536,138,3.643214701
triangular,ec,1536,139,3.643324748
triangular,ec,1536,140,3.643164681
triangular,ec,1536,141,3.643244713
triangular,ec,1536,142,3.642844591
triangular,ec,1536,143,3.643054644
triangular,ec,1536,144,3.643214701
triangular,ec,1536,145,3.643424796
triangular,ec,1536,146,3.64310466
triangular,ec,1536,147,3.643034638
triangular,ec,1536,148,3.643194693
triangular,ec,1536,149,3.643244713
triangular,ec,1536,150,3.643154678
triangular,ec,1536,151,3.643444806
triangular,ec,1536,152,3.643094657
triangular,ec,1536,153,3.643174685
triangular,ec,1536,154,3.643044641
triangular,ec,1536,155,3.643324748
triangular,ec,1536,156,3.643334752
triangular,ec,1536,157,3.64310466
triangular,ec,1536,158,3.643304738
triangular,ec,1536,159,3.643214701
triangular,ec,1536,160,3.643264721
triangular,ec,1536,161,3.643054644
triangular,ec,1536,162,3.642994627
triangular,ec,1536,163,3.643304738
triangular,ec,1536,164,3.643154678
triangular,ec,1536,165,3.64310466
triangular,ec,1536,166,3.643064647
triangular,ec,1536,167,3.643164681
triangular,ec,1536,168,3.643414791
triangular,ec,1536,169,3.643234709
triangular,ec,1536,170,3.643194693
triangular,ec,1536,171,3.642944613
triangular,ec,1536,172,3.643244713
triangular,ec,1536,173,3.643114664
triangular,ec,1536,174,3.643164681
triangular,ec,1536,175,3.642814586
triangular,ec,1536,176,3.643004629
triangular,ec,1536,177,3.643334752
triangular,ec,1536,178,3.643254717
triangular,ec,1536,179,3.643174685
triangular,ec,1536,180,3.642944613
triangular,ec,1536,181,3.643194693
triangular,ec,1536,182,3.643234709
triangular,ec,1536,183,3.643134671
triangular,ec,1536,184,3.643154678
triangular,ec,1536,185,3.643064647
triangular,ec,1536,186,3.64328473
triangular,ec,1536,187,3.643324748
triangular,ec,1536,188,3.643144674
triangular,ec,1536,189,3.643124667
triangular,ec,1536,190,3.64310466
triangular,ec,1536,191,3.643204697
triangular,ec,1536,192,3.643394781
triangular,ec,1536,193,3.643114664
triangular,ec,1536,194,3.643084654
triangular,ec,1536,195,3.643264721
triangular,ec,1536,196,3.643244713
triangular,ec,1536,197,3.643274725
triangular,ec,1536,198,3.643274725
triangular,ec,1536,199,3.643374771
triangular,ec,2048,0,3.64259456
triangular,ec,2048,1,3.642404559
triangular,ec,2048,2,3.642484557
triangular,ec,2048,3,3.642604561
triangular,ec,2048,4,3.642514557
triangular,ec,2048,5,3.642374561
triangular,ec,2048,6,3.642374561
triangular,ec,2048,7,3.642464558
triangular,ec,2048,8,3.64239456
triangular,ec,2048,9,3.642474557
triangular,ec,2048,10,3.642344563
triangular,ec,2048,11,3.64270457
triangular,ec,2048,12,3.642714571
triangular,ec,2048,13,3.642504557
triangular,ec,2048,14,3.642634563
triangular,ec,2048,15,3.64258456
triangular,ec,2048,16,3.642414559
triangular,ec,2048,17,3.642504557
triangular,ec,2048,18,3.642434558
triangular,ec,2048,19,3.642334564
triangular,ec,2048,20,3.642494557
triangular,ec,2048,21,3.642524558
triangular,ec,2048,22,3.642614561
triangular,ec,2048,23,3.642714571
triangular,ec,2048,24,3.642664565
triangular,ec,2048,25,3.642524558
triangular,ec,2048,26,3.642534558
triangular,ec,2048,27,3.642534558
triangular,ec,2048,28,3.642524558
triangular,ec,2048,29,3.642484557
triangular,ec,2048,30,3.642474557
triangular,ec,2048,31,3.642404559
triangular,ec,2048,32,3.642434558
triangular,ec,2048,33,3.642494557
triangular,ec,2048,34,3.642444558
triangular,ec,2048,35,3.642574559
triangular,ec,2048,36,3.642744575
triangular,ec,2048,37,3.642574559
triangular,ec,2048,38,3.642564559
triangular,ec,2048,39,3.642554558
triangular,ec,2048,40,3.642714571
triangular,ec,2048,41,3.642424559
triangular,ec,2048,42,3.642504557
triangular,ec,2048,43,3.642464558
triangular,ec,2048,44,3.642294568
triangular,ec,2048,45,3.642284569
triangular,ec,2048,46,3.642614561
triangular,ec,2048,47,3.642414559
triangular,ec,2048,48,3.642664565
triangular,ec,2048,49,3.642664565
triangular,ec,2048,50,3.64227457
triangular,ec,2048,51,3.64239456
triangular,ec,2048,52,3.642694569
triangular,ec,2048,53,3.642634563
triangular,ec,2048,54,3.64258456
triangular,ec,2048,55,3.64259456
triangular,ec,2048,56,3.642374561
triangular,ec,2048,57,3.642534558
triangular,ec,2048,58,3.642364562
triangular,ec,2048,59,3.642554558
triangular,ec,2048,60,3.642634563
triangular,ec,2048,61,3.642514557
triangular,ec,2048,62,3.642644564
triangular,ec,2048,63,3.642644564
triangular,ec,2048,64,3.642424559
triangular,ec,2048,65,3.642684567
triangular,ec,2048,66,3.642504557
triangular,ec,2048,67,3.642414559
triangular,ec,2048,68,3.642404559
triangular,ec,2048,69,3.642304567
triangular,ec,2048,70,3.642414559
triangular,ec,2048,71,3.642564559
triangular,ec,2048,72,3.642414559
triangular,ec,2048,73,3.642484557
triangular,ec,2048,74,3.642644564
triangular,ec,2048,75,3.64239456
triangular,ec,2048,76,3.642554558
triangular,ec,2048,77,3.642434558
triangular,ec,2048,78,3.642514557
triangular,ec,2048,79,3.642494557
triangular,ec,2048,80,3.642654565
triangular,ec,2048,81,3.642544558
triangular,ec,2048,82,3.642534558
triangular,ec,2048,83,3.642494557
triangular,ec,2048,84,3.642534558
triangular,ec,2048,85,3.642734573
triangular,ec,2048,86,3.642684567
triangular,ec,2048,87,3.642314566
triangular,ec,2048,88,3.642514557
triangular,ec,2048,89,3.642514557
triangular,ec,2048,90,3.642634563
triangular,ec,2048,91,3.642754576
triangular,ec,2048,92,3.642424559
triangular,ec,2048,93,3.642504557
triangular,ec,2048,94,3.642554558
triangular,ec,2048,95,3.642424559
triangular,ec,2048,96,3.642564559
triangular,ec,2048,97,3.642534558
triangular,ec,2048,98,3.642614561
triangular,ec,2048,99,3.642574559
triangular,ec,2048,100,3.642434558
triangular,ec,2048,101,3.642464558
triangular,ec,2048,102,3.642624562
triangular,ec,2048,103,3.642344563
triangular,ec,2048,104,3.642444558
triangular,ec,2048,105,3.64258456
triangular,ec,2048,106,3.642564559
triangular,ec,2048,107,3.642654565
triangular,ec,2048,108,3.642524558
triangular,ec,2048,109,3.642414559
triangular,ec,2048,110,3.642644564
triangular,ec,2048,111,3.642634563
triangular,ec,2048,112,3.642624562
triangular,ec,2048,113,3.642464558
triangular,ec,2048,114,3.642664565
triangular,ec,2048,115,3.642604561
triangular,ec,2048,116,3.64259456
triangular,ec,2048,117,3.642534558
triangular,ec,2048,118,3.642574559
triangular,ec,2048,119,3.642564559
triangular,ec,2048,120,3.642534558
triangular,ec,2048,121,3.642494557
triangular,ec,2048,122,3.64270457
triangular,ec,2048,123,3.64258456
triangular,ec,2048,124,3.642644564
triangular,ec,2048,125,3.642564559
triangular,ec,2048,126,3.64239456
triangular,ec,2048,127,3.64270457
triangular,ec,2048,128,3.64239456
triangular,ec,2048,129,3.642514557
triangular,ec,2048,130,3.642604561
triangular,ec,2048,131,3.642604561
triangular,ec,2048,132,3.642444558
triangular,ec,2048,133,3.642374561
triangular,ec,2048,134,3.642424559
triangular,ec,2048,135,3.642524558
triangular,ec,2048,136,3.642524558
triangular,ec,2048,137,3.642364562
triangular,ec,2048,138,3.642434558
triangular,ec,2048,139,3.64259456
triangular,ec,2048,140,3.642434558
triangular,ec,2048,141,3.642474557
triangular,ec,2048,142,3.642404559
triangular,ec,2048,143,3.642534558
triangular,ec,2048,144,3.642674566
triangular,ec,2048,145,3.642524558
triangular,ec,2048,146,3.642444558
triangular,ec,2048,147,3.64270457
triangular,ec,2048,148,3.642474557
triangular,ec,2048,149,3.642544558
triangular,ec,2048,150,3.64258456
triangular,ec,2048,151,3.64258456
triangular,ec,2048,152,3.642494557
triangular,ec,2048,153,3.642564559
triangular,ec,2048,154,3.642824588
triangular,ec,2048,155,3.642634563
triangular,ec,2048,156,3.642574559
triangular,ec,2048,157,3.642634563
triangular,ec,2048,158,3.642554558
triangular,ec,2048,159,3.642504557
triangular,ec,2048,160,3.642474557
triangular,ec,2048,161,3.642494557
triangular,ec,2048,162,3.642504557
triangular,ec,2048,163,3.64270457
triangular,ec,2048,164,3.642544558
triangular,ec,2048,165,3.642644564
triangular,ec,2048,166,3.64258456
triangular,ec,2048,167,3.642484557
triangular,ec,2048,168,3.642674566
triangular,ec,2048,169,3.64238456
triangular,ec,2048,170,3.642494557
triangular,ec,2048,171,3.642444558
triangular,ec,2048,172,3.642494557
triangular,ec,2048,173,3.642524558
triangular,ec,2048,174,3.642694569
triangular,ec,2048,175,3.642684567
triangular,ec,2048,176,3.642684567
triangular,ec,2048,177,3.64238456
triangular,ec,2048,178,3.642714571
triangular,ec,2048,179,3.642344563
triangular,ec,2048,180,3.642544558
triangular,ec,2048,181,3.64238456
triangular,ec,2048,182,3.642544558
triangular,ec,2048,183,3.642494557
triangular,ec,2048,184,3.642494557
triangular,ec,2048,185,3.642434558
triangular,ec,2048,186,3.642604561
triangular,ec,2048,187,3.642404559
triangular,ec,2048,188,3.64258456
triangular,ec,2048,189,3.642514557
triangular,ec,2048,190,3.642564559
triangular,ec,2048,191,3.642644564
triangular,ec,2048,192,3.642474557
triangular,ec,2048,193,3.642674566
triangular,ec,2048,194,3.642484557
triangular,ec,2048,195,3.642494557
triangular,ec,2048,196,3.642724572
triangular,ec,2048,197,3.642544558
triangular,ec,2048,198,3.642874597
triangular,ec,2048,199,3.642644564
triangular,ec,3072,0,3.641984628
triangular,ec,3072,1,3.642244574
triangular,ec,3072,2,3.64220458
triangular,ec,3072,3,3.642264572
triangular,ec,3072,4,3.641994625
triangular,ec,3072,5,3.64214459
triangular,ec,3072,6,3.642254573
triangular,ec,3072,7,3.642084603
triangular,ec,3072,8,3.642094601
triangular,ec,3072,9,3.641914649
triangular,ec,3072,10,3.641994625
triangular,ec,3072,11,3.642154589
triangular,ec,3072,12,3.642094601
triangular,ec,3072,13,3.642044612
triangular,ec,3072,14,3.641924646
triangular,ec,3072,15,3.642084603
triangular,ec,3072,16,3.642124594
triangular,ec,3072,17,3.642094601
triangular,ec,3072,18,3.642284569
triangular,ec,3072,19,3.642104599
triangular,ec,3072,20,3.642024617
triangular,ec,3072,21,3.642124594
triangular,ec,3072,22,3.642084603
triangular,ec,3072,23,3.641974631
triangular,ec,3072,24,3.642164587
triangular,ec,3072,25,3.641954637
triangular,ec,3072,26,3.641964634
triangular,ec,3072,27,3.642094601
triangular,ec,3072,28,3.642074605
triangular,ec,3072,29,3.642194582
triangular,ec,3072,30,3.642094601
triangular,ec,3072,31,3.641864665
triangular,ec,3072,32,3.642164587
triangular,ec,3072,33,3.642034615
triangular,ec,3072,34,3.642114596
triangular,ec,3072,35,3.642094601
triangular,ec,3072,36,3.642094601
triangular,ec,3072,37,3.642294568
triangular,ec,3072,38,3.642254573
triangular,ec,3072,39,3.64201462
triangular,ec,3072,40,3.64227457
triangular,ec,3072,41,3.641954637
triangular,ec,3072,42,3.642164587
triangular,ec,3072,43,3.642024617
triangular,ec,3072,44,3.642184583
triangular,ec,3072,45,3.64227457
triangular,ec,3072,46,3.642184583
triangular,ec,3072,47,3.64227457
triangular,ec,3072,48,3.64214459
triangular,ec,3072,49,3.642134592
triangular,ec,3072,50,3.64201462
triangular,ec,3072,51,3.642194582
triangular,ec,3072,52,3.642094601
triangular,ec,3072,53,3.642194582
triangular,ec,3072,54,3.642074605
triangular,ec,3072,55,3.642294568
triangular,ec,3072,56,3.642164587
triangular,ec,3072,57,3.642094601
triangular,ec,3072,58,3.642084603
triangular,ec,3072,59,3.642134592
triangular,ec,3072,60,3.642124594
triangular,ec,3072,61,3.641954637
triangular,ec,3072,62,3.64205461
triangular,ec,3072,63,3.642154589
triangular,ec,3072,64,3.642124594
triangular,ec,3072,65,3.641964634
triangular,ec,3072,66,3.642334564
triangular,ec,3072,67,3.642234576
triangular,ec,3072,68,3.642154589
triangular,ec,3072,69,3.642244574
triangular,ec,3072,70,3.642174585
triangular,ec,3072,71,3.642044612
triangular,ec,3072,72,3.64205461
triangular,ec,3072,73,3.642094601
triangular,ec,3072,74,3.642124594
triangular,ec,3072,75,3.642104599
triangular,ec,3072,76,3.642174585
triangular,ec,3072,77,3.642164587
triangular,ec,3072,78,3.642244574
triangular,ec,3072,79,3.642324565
triangular,ec,3072,80,3.642314566
triangular,ec,3072,81,3.642164587
triangular,ec,3072,82,3.642074605
triangular,ec,3072,83,3.642114596
triangular,ec,3072,84,3.642254573
triangular,ec,3072,85,3.64201462
triangular,ec,3072,86,3.642224577
triangular,ec,3072,87,3.642044612
triangular,ec,3072,88,3.642374561
triangular,ec,3072,89,3.642184583
triangular,ec,3072,90,3.64201462
triangular,ec,3072,91,3.642004623
triangular,ec,3072,92,3.642224577
triangular,ec,3072,93,3.642084603
triangular,ec,3072,94,3.642064608
triangular,ec,3072,95,3.642124594
triangular,ec,3072,96,3.642064608
triangular,ec,3072,97,3.641934643
triangular,ec,3072,98,3.642134592
triangular,ec,3072,99,3.642034615
triangular,ec,3072,100,3.642104599
triangular,ec,3072,101,3.642074605
triangular,ec,3072,102,3.642044612
triangular,ec,3072,103,3.642164587
triangular,ec,3072,104,3.642074605
triangular,ec,3072,105,3.642174585
triangular,ec,3072,106,3.642254573
triangular,ec,3072,107,3.642074605
triangular,ec,3072,108,3.642184583
triangular,ec,3072,109,3.642174585
triangular,ec,3072,110,3.64205461
triangular,ec,3072,111,3.642224577
triangular,ec,3072,112,3.642174585
triangular,ec,3072,113,3.642244574
triangular,ec,3072,114,3.642114596
triangular,ec,3072,115,3.642044612
triangular,ec,3072,116,3.642094601
triangular,ec,3072,117,3.642224577
triangular,ec,3072,118,3.642164587
triangular,ec,3072,119,3.642104599
triangular,ec,3072,120,3.64205461
triangular,ec,3072,121,3.642314566
triangular,ec,3072,122,3.642084603
triangular,ec,3072,123,3.642114596
triangular,ec,3072,124,3.641964634
triangular,ec,3072,125,3.641974631
triangular,ec,3072,126,3.642084603
triangular,ec,3072,127,3.642124594
triangular,ec,3072,128,3.64220458
triangular,ec,3072,129,3.642174585
triangular,ec,3072,130,3.642114596
triangular,ec,3072,131,3.642004623
triangular,ec,3072,132,3.642034615
triangular,ec,3072,133,3.642154589
triangular,ec,3072,134,3.642064608
triangular,ec,3072,135,3.64214459
triangular,ec,3072,136,3.642154589
triangular,ec,3072,137,3.642074605
triangular,ec,3072,138,3.64205461
triangular,ec,3072,139,3.642184583
triangular,ec,3072,140,3.642184583
triangular,ec,3072,141,3.641934643
triangular,ec,3072,142,3.642184583
triangular,ec,3072,143,3.642104599
triangular,ec,3072,144,3.642064608
triangular,ec,3072,145,3.642074605
triangular,ec,3072,146,3.642044612
triangular,ec,3072,147,3.642184583
triangular,ec,3072,148,3.642044612
triangular,ec,3072,149,3.642344563
triangular,ec,3072,150,3.641974631
triangular,ec,3072,151,3.642174585
triangular,ec,3072,152,3.642034615
triangular,ec,3072,153,3.642344563
triangular,ec,3072,154,3.642124594
triangular,ec,3072,155,3.642124594
triangular,ec,3072,156,3.641974631
triangular,ec,3072,157,3.64201462
triangular,ec,3072,158,3.64205461
triangular,ec,3072,159,3.642004623
triangular,ec,3072,160,3.641804687
triangular,ec,3072,161,3.64220458
triangular,ec,3072,162,3.642364562
triangular,ec,3072,163,3.642094601
triangular,ec,3072,164,3.642264572
triangular,ec,3072,165,3.642174585
triangular,ec,3072,166,3.642094601
triangular,ec,3072,167,3.642064608
triangular,ec,3072,168,3.642244574
triangular,ec,3072,169,3.642004623
triangular,ec,3072,170,3.641924646
triangular,ec,3072,171,3.642124594
triangular,ec,3072,172,3.64227457
triangular,ec,3072,173,3.642164587
triangular,ec,3072,174,3.642194582
triangular,ec,3072,175,3.642004623
triangular,ec,3072,176,3.642114596
triangular,ec,3072,177,3.642104599
triangular,ec,3072,178,3.642084603
triangular,ec,3072,179,3.642134592
triangular,ec,3072,180,3.642104599
triangular,ec,3072,181,3.642264572
triangular,ec,3072,182,3.642304567
triangular,ec,3072,183,3.641994625
triangular,ec,3072,184,3.642164587
triangular,ec,3072,185,3.64201462
triangular,ec,3072,186,3.64205461
triangular,ec,3072,187,3.642194582
triangular,ec,3072,188,3.64205461
triangular,ec,3072,189,3.642004623
triangular,ec,3072,190,3.64220458
triangular,ec,3072,191,3.642104599
triangular,ec,3072,192,3.642304567
triangular,ec,3072,193,3.641874662
triangular,ec,3072,194,3.64220458
triangular,ec,3072,195,3.64220458
triangular,ec,3072,196,3.642104599
triangular,ec,3072,197,3.641874662
triangular,ec,3072,198,3.642074605
triangular,ec,3072,199,3.642044612
